配置,年化,夏普,最大回撤,波动,年换手,年交易笔数,单笔均额,成本年化拖累,累计成本元,夏普前半,夏普后半,期末资金
American-250/20-w1,0.05295372499249873,0.5131068948400125,-0.13816717954434798,0.11129476270080682,1.2198190486110942,6.459493670886076,37768.25586528569,0.00042769452725062044,834.2683371061485,0.6348289276113219,0.3584948917531018,330818.42672774807
American-250/20-w0.5,0.048108530141551364,0.481487080775759,-0.15127278399713417,0.10824638457203149,1.0465050669565437,5.741772151898734,36452.33698834522,0.0003729149053883585,727.4142598933413,0.5936422242832421,0.3364563780091903,316267.06591387
European-60日-带35%,0.03513750502189694,0.4408502419947784,-0.14299587444753004,0.1008447238214998,8.458107900068569,76.79620253164556,22027.411828295077,0.0035049783068019594,6836.871265119872,0.6941198441994167,0.2070095226610607,280096.199954626
American-250/50-w1,0.04200816771557947,0.42379382537702426,-0.15767769727387115,0.11050201672840257,0.8104932229162061,4.511392405063291,35930.95657148164,0.00026746606468883535,521.7239286522962,0.5664671754610391,0.23697763788840218,298764.23319021333
American-250/50-w0.5,0.04037188467245345,0.42057730305366103,-0.18447730716805588,0.1066296589849969,0.8490105134268113,4.818987341772152,35236.05493076864,0.00029257201968703,570.696038401861,0.5495313373695005,0.24445728428938532,294219.84806979215
European-20日-带35%,0.02877408019660188,0.41911962204653413,-0.17359012922941985,0.10376708794696143,17.135464584063637,160.9746835443038,21289.639099489304,0.007328538280133057,14295.173435321274,0.5768472826919597,0.3233562497484723,263747.3801015415
European-40日-带35%,0.031541255891246234,0.41754472505935963,-0.14869413873386939,0.10107852479475293,10.757370779611348,99.7632911392405,21565.789694321917,0.0045104304858880106,8798.123663830935,0.6252007607000963,0.25784529022701974,270748.4572087798
European-60日-带10%,0.03182458124568521,0.41094972544596253,-0.16046361931324793,0.10522588349347264,14.256370128221105,269.9658227848101,10561.611081847841,0.009428311178143214,18391.026742550963,0.5954107667619466,0.2440786398996086,271474.6116723143
European-60日-带20%,0.03191736556682723,0.40677195613394446,-0.14216462359747173,0.10606655849667712,11.205927036176329,147.23544303797468,15221.779219676228,0.005770920934982737,11256.858120089784,0.5929179151608036,0.2401321455116804,271712.7947706474
European-120日-带35%,0.03342464101672027,0.4053362765583961,-0.1355811730480393,0.09897771063614114,4.7055080422358335,48.189873417721515,19529.03258926351,0.0020898173752876086,4076.4338925363236,0.534389851352437,0.2574350044669126,275608.425196867
European-120日-带20%,0.03237659350786348,0.40525924834960153,-0.15396747055678128,0.0997927334149339,6.4833318170673495,97.91772151898734,13242.407434511555,0.003665494392783356,7149.976716787287,0.5181026348097406,0.2808449988142028,272894.4248967742
European-40日-带10%,0.029495664462710902,0.39932172724832415,-0.15599266774211584,0.10637077784235095,17.70668175995753,317.74556962025315,11145.19505723985,0.011309621359106709,22060.74289801062,0.599695825208813,0.23546280376248407,265557.18099767854
European-20日-带20%,0.025060146958174156,0.39227688558475593,-0.18015962081591796,0.1029512394155966,21.791590115497176,272.73417721518985,15980.094858667753,0.011066110901100448,21585.747189800873,0.5972779160969804,0.2510444028231525,254606.40552895836
European-5日-带35%,0.02265416047266333,0.3920707907935782,-0.1609452755183034,0.08890049194733363,42.171922070288815,353.3240506329114,23871.526432885625,0.017271710022614545,33690.496093495036,0.6824544735402523,0.1982259937939658,248837.4377246085
European-120日-带10%,0.0308995034942523,0.3890825156384197,-0.16994181264728536,0.10197367348955075,8.946039066832038,204.44810126582277,8751.403423600816,0.00681508524235845,13293.623065341175,0.47970901270383864,0.28745047401950946,269110.10690895683
European-40日-带20%,0.028228372721089245,0.3841489148391339,-0.16399000272988784,0.10658621734409562,14.638845367340094,193.8873417721519,15100.362131472244,0.007623713452190569,14870.947227729754,0.5874796924974348,0.22729140567159953,262386.0541998247
American-250/20-w2,0.03584125762534951,0.37977129095392287,-0.1987093077828591,0.10747316133283494,1.3973991928818275,7.997468354430379,34946.038695050454,0.00047596431097511024,928.4242115316965,0.4922023593041469,0.25448019438470054,281958.9896647823
European-60日-带0%,0.027151444434954985,0.37648873137924244,-0.17686512844313818,0.1045676737796189,15.982837691706882,533.4721518987342,5992.004506634794,0.016374071733966416,31939.547332922146,0.5352955857238634,0.22634774434968757,259718.02783437943
American-250/50-w2,0.034320276320553234,0.3730784253508762,-0.16526317404814783,0.10296491954956542,0.9533808227746271,5.639240506329114,33812.38383802269,0.00034040091409826034,663.9919065126561,0.5006331250006448,0.23688618002896486,277946.91133619525
European-20日-带10%,0.022335247101310518,0.3632899478097148,-0.18914155007942524,0.10185216178798877,25.144818904059566,415.8683544303797,12092.682040450396,0.015342678521601337,29927.693906333476,0.5525593744149959,0.225187256600741,248081.6339229717
European-40日-带0%,0.02392470672986846,0.3586106030965809,-0.1750939400528232,0.10518892485537933,19.1191692313064,562.5911392405063,6796.825579982341,0.017747695452009535,34618.96149898157,0.5153966423664741,0.22755575806839698,251869.1088438423
American-100/20-w0.5,0.03547218053687273,0.34069238913023986,-0.3204762998770925,0.11728323439691872,2.4521062821402007,12.71392405063291,38573.55561311746,0.0008051000547850742,1570.4420821733547,0.5346880397784773,0.12866500138958725,280980.68356887077
American-100/20-w1,0.03202984893559324,0.3406437462111859,-0.2583081031815202,0.10720116723046483,2.3796355947255043,12.50886075949367,38047.199348980954,0.0007810751871338287,1523.5787600882093,0.5094659998892749,0.1392872569115854,272001.7980359942
European-20日-带0%,0.017969725595215813,0.3293444875767459,-0.19818355592203374,0.10015700165600529,26.11033601355246,627.5962025316455,8320.743786602465,0.02087457890244456,40718.31440229927,0.48036951177042864,0.21612069487685767,237940.72248017217
European-120日-带0%,0.02386880370101907,0.32536449369870535,-0.18761996817039628,0.10302164932367963,10.928088323728842,509.27468354430374,4291.628340004914,0.014829593156312245,28926.860724658454,0.39305537635515675,0.25001244840868947,251735.0237426916
American-40/10-w0.5,0.03509743347759886,0.3171841746816259,-0.2791673987328024,0.1285514587840852,3.51514193515212,19.378481012658227,36278.81806480078,0.0011823568595461173,2306.325726028229,0.41147048268135494,0.23823932504003267,279990.466177436
European-10日-带20%,0.015171958559420995,0.3037331438194024,-0.2229028940742972,0.09518816393828115,32.029943510934096,381.0075949367088,16813.283481267485,0.015951124201334575,31114.53856556621,0.44660895145013313,0.20483814873314946,231638.85341438063
买入持有,0.03464153532143932,0.28922977161235885,-0.403342294757182,0.19776348693291862,0.10253164556962024,0.5126582278481012,40000.0,3.6342974597764185e-05,70.89123440057705,0.45597563518609874,0.12706273605878715,278790.04148996127
European-10日-带35%,0.012749503539938978,0.28915600734323216,-0.23756445761893907,0.09470029955527451,25.83520893887735,246.5886075949367,20954.097750789875,0.011291131069774129,22024.675420053238,0.3755394863881689,0.2361619352705567,226303.80553250213
European-10日-带10%,0.013448435423391691,0.28601907902844254,-0.23618353065462694,0.09472211045531537,34.84125849068644,517.4772151898734,13465.813553898191,0.019959528900421467,38933.40205267398,0.414317219246525,0.1952955748950121,227831.648933946
European-5日-带20%,0.014165582309223046,0.2838280436699351,-0.19366360050963294,0.09112546950665565,46.86529699924204,500.76455696202527,18717.49761347267,0.02194634545548077,42808.92076501188,0.47408657530688614,0.16215948609719735,229408.92590255674
American-20/5-w2,0.02261502650904257,0.279308292450879,-0.16815453977881245,0.09685571202425859,1.7328866989401692,9.227848101265822,37557.76384534249,0.0005918288276515772,1154.4315403573976,0.32678603408916235,0.2332811491614428,248744.5816955851
American-20/5-w1,0.026524686137452402,0.2643714356847677,-0.24327733504750537,0.1207102679940305,3.2953039046961243,19.070886075949367,34558.477163280746,0.0011410779764565995,2225.8064232116385,0.2856095868218134,0.24520135157859108,258176.50392335712
European-5日-带10%,0.01128419881586673,0.26260560264332466,-0.2008660167061619,0.08865102536154368,48.856188807210174,622.5721518987341,15694.948339146715,0.02542667834633413,49597.71825581226,0.4425443744609342,0.1369649238645289,223130.50383389305
European-10日-带0%,0.010258228473768671,0.2612445336492183,-0.2423741057143013,0.0934075896978599,35.384257674395094,695.9848101265823,10168.112050594777,0.024574798600656794,47936.026900046585,0.3622535026214191,0.18843410234531413,220932.46648043566
American-40/10-w1,0.025982924523706874,0.24078102440266153,-0.33871179820763775,0.13243193362828043,3.1984190426655603,17.63544303797468,36272.624801978076,0.001077380855095014,2101.55771734583,0.3978471412276886,0.11933122099343904,256850.65296582787
European-5日-带0%,0.008286566176688215,0.23415999432111753,-0.21389772156256093,0.08821435597729037,49.05816763047956,779.9582278481012,12579.69103443672,0.02944027392795454,57426.707168108864,0.3804071048271137,0.13125050022416748,216762.85949341964
American-100/20-w2,0.017496227589924862,0.21859896671827883,-0.23169748258972933,0.10186136719580799,1.944464271640656,11.688607594936707,33271.10189725186,0.0006840167955780636,1334.254983967087,0.23292975368056912,0.2046256452566565,236863.4880937799
American-250/20-w5,0.014021553222435257,0.20925817370143537,-0.16502066587849107,0.08315434178383,1.3113067955507711,7.177215189873417,36540.82428518904,0.00042816304416365473,835.1822342945366,0.1583993097793661,0.25813009317952074,229091.36735652745
American-20/5-w0.5,0.020136258545857988,0.20688724149303647,-0.21093895892898729,0.12040434600854605,3.8707506522028186,22.864556962025315,33858.085758071495,0.0013543443731861419,2641.8075427581534,0.24070545902823903,0.17567590733963964,242926.00689299058
American-40/10-w2,0.01592405848779177,0.19435819231096263,-0.23295766328262446,0.09968163627397982,1.9914465883173709,11.278481012658228,35314.09213851231,0.0007065496428500375,1378.207945312419,0.24462145255610931,0.14234050129025927,233318.03624233202
American-250/50-w5,0.00835073178084178,0.17115007121534545,-0.11740345475492397,0.05870719211263098,0.8876029228899703,4.921518987341772,36070.283389047145,0.0002967973628277539,578.9380657627793,0.17623434344735378,0.1659462097924822,216897.43505833443
American-100/20-w5,0.004054712228300339,0.14087993984378477,-0.054057522000143465,0.03248152745678628,0.26224078106137355,1.4354430379746834,36537.95714964464,7.096702752966065e-05,138.42951048995536,-0.196472765935887,0.26466505698212406,208051.02614916826
American-20/5-w5,0.0,,0.0,0.0,0.0,0.0,,0.0,0.0,,,200000.0
American-40/10-w5,0.0,,0.0,0.0,0.0,0.0,,0.0,0.0,,,200000.0
