Date,ATR_14
2018-01-14,1410.5213448660713
2018-01-15,1399.542759486607
2018-01-16,1497.1998465401787
2018-01-17,1607.7291434151787
2018-01-18,1603.96484375
2018-01-19,1483.843470982143
2018-01-20,1522.971958705357
2018-01-21,1531.4791434151787
2018-01-22,1488.3720005580358
2018-01-23,1500.8291015625
2018-01-24,1470.79345703125
2018-01-25,1386.17919921875
2018-01-26,1394.3648856026787
2018-01-27,1388.5506417410713
2018-01-28,1342.536342075893
2018-01-29,1334.8648856026787
2018-01-30,1165.06494140625
2018-01-31,1045.669921875
2018-02-01,1067.9356166294642
2018-02-02,1107.4605887276787
2018-02-03,1084.8549107142858
2018-02-04,1062.901332310268
2018-02-05,1054.4698660714287
2018-02-06,1094.0799386160713
2018-02-07,1123.4170619419642
2018-02-08,1138.3577706473213
2018-02-09,1114.4913504464287
2018-02-10,1128.8756277901787
2018-02-11,1135.3899623325892
2018-02-12,1146.786411830357
2018-02-13,1091.9335239955358
2018-02-14,1114.508579799107
2018-02-15,1068.9871651785713
2018-02-16,1006.5035574776786
2018-02-17,993.0020926339286
2018-02-18,973.0127999441964
2018-02-19,912.4727957589286
2018-02-20,836.0984933035714
2018-02-21,812.3184988839286
2018-02-22,823.9285016741071
2018-02-23,816.8191964285714
2018-02-24,832.7585100446429
2018-02-25,820.2842145647321
2018-02-26,828.6642020089286
2018-02-27,837.90283203125
2018-02-28,821.9363839285714
2018-03-01,811.9635184151786
2018-03-02,800.5078822544643
2018-03-03,767.3436104910714
2018-03-04,721.10791015625
2018-03-05,685.3650251116071
2018-03-06,695.779296875
2018-03-07,717.0635463169643
2018-03-08,696.4578683035714
2018-03-09,710.7849469866071
2018-03-10,685.9720982142857
2018-03-11,728.015625
2018-03-12,728.5728236607143
2018-03-13,719.986328125
2018-03-14,762.1691545758929
2018-03-15,758.2905970982143
2018-03-16,775.5005929129464
2018-03-17,776.0656389508929
2018-03-18,809.7098911830357
2018-03-19,826.3721051897321
2018-03-20,810.8099539620536
2018-03-21,746.0713936941964
2018-03-22,726.3770577566964
2018-03-23,695.354248046875
2018-03-24,668.7563127790179
2018-03-25,606.4806431361607
2018-03-26,579.8791852678571
2018-03-27,574.4014020647321
2018-03-28,504.8628627232143
2018-03-29,523.9807477678571
2018-03-30,524.9014369419643
2018-03-31,511.374267578125
2018-04-01,488.98573521205356
2018-04-02,476.51572963169644
2018-04-03,462.03857421875
2018-04-04,485.9642857142857
2018-04-05,468.33646065848217
2018-04-06,451.44290597098217
2018-04-07,457.83939034598217
2018-04-08,455.52225167410717
2018-04-09,448.91294642857144
2018-04-10,429.82435825892856
2018-04-11,418.1821986607143
2018-04-12,431.02291434151783
2018-04-13,419.04432896205356
2018-04-14,415.50003487723217
2018-04-15,402.5071498325893
2018-04-16,411.54502650669644
2018-04-17,407.67288643973217
2018-04-18,382.37217494419644
2018-04-19,373.1500767299107
2018-04-20,398.378662109375
2018-04-21,393.04935128348217
2018-04-22,394.5892857142857
2018-04-23,369.847900390625
2018-04-24,415.31361607142856
2018-04-25,472.08150809151783
2018-04-26,433.63148716517856
2018-04-27,431.01649693080356
2018-04-28,444.2586146763393
2018-04-29,443.23008510044644
2018-04-30,433.58077566964283
2018-05-01,430.7657993861607
2018-05-02,425.7365025111607
2018-05-03,457.89857700892856
2018-05-04,426.2949916294643
2018-05-05,420.86356026785717
2018-05-06,438.92501395089283
2018-05-07,457.82352120535717
2018-05-08,424.26639229910717
2018-05-09,381.24204799107144
2018-05-10,367.03494698660717
2018-05-11,386.32638113839283
2018-05-12,383.55929129464283
2018-05-13,386.4628208705357
2018-05-14,400.94998604910717
2018-05-15,402.01499720982144
2018-05-16,408.6942661830357
2018-05-17,393.06856863839283
2018-05-18,400.644287109375
2018-05-19,394.88211495535717
2018-05-20,386.4735630580357
2018-05-21,369.19356863839283
2018-05-22,375.17138671875
2018-05-23,389.71714564732144
2018-05-24,393.42710658482144
2018-05-25,365.42640904017856
2018-05-26,351.47495814732144
2018-05-27,332.35714285714283
2018-05-28,318.42923409598217
2018-05-29,322.42919921875
2018-05-30,317.09207589285717
2018-05-31,306.8313685825893
2018-06-01,299.5520717075893
2018-06-02,300.2564174107143
2018-06-03,284.87642996651783
2018-06-04,291.11788504464283
2018-06-05,278.80074637276783
2018-06-06,252.48932756696428
2018-06-07,229.84577287946428
2018-06-08,220.79575892857142
2018-06-09,214.050048828125
2018-06-10,264.91646902901783
2018-06-11,256.73008510044644
2018-06-12,251.74009486607142
2018-06-13,257.8729771205357
2018-06-14,266.79513113839283
2018-06-15,270.3536900111607
2018-06-16,269.75582449776783
2018-06-17,266.04080636160717
2018-06-18,269.946533203125
2018-06-19,260.40011160714283
2018-06-20,262.63295200892856
2018-06-21,263.012939453125
2018-06-22,305.9193638392857
2018-06-23,306.02005440848217
2018-06-24,275.62430245535717
2018-06-25,275.9199916294643
2018-06-26,263.8207310267857
2018-06-27,248.18641880580358
2018-06-28,242.80643136160714
2018-06-29,255.57073102678572
2018-06-30,259.9342564174107
2018-07-01,263.7714146205357
2018-07-02,266.892822265625
2018-07-03,274.82425362723217
2018-07-04,282.8085239955357
2018-07-05,290.4599609375
2018-07-06,249.52497209821428
2018-07-07,258.9349888392857
2018-07-08,240.40359933035714
2018-07-09,233.73577008928572
2018-07-10,251.63075474330358
2018-07-11,250.76360212053572
2018-07-12,248.14358956473214
2018-07-13,226.172119140625
2018-07-14,214.36356026785714
2018-07-15,214.605712890625
2018-07-16,215.07575334821428
2018-07-17,249.32219587053572
2018-07-18,244.540771484375
2018-07-19,244.26290457589286
2018-07-20,251.69290597098214
2018-07-21,243.87004743303572
2018-07-22,245.02720424107142
2018-07-23,262.74574497767856
2018-07-24,282.1564243861607
2018-07-25,298.07784598214283
2018-07-26,308.85927036830356
2018-07-27,330.61575753348217
2018-07-28,332.48074776785717
2018-07-29,331.34713309151783
2018-07-30,326.57997349330356
2018-07-31,310.9749232700893
2018-08-01,312.47276088169644
2018-08-02,311.7820521763393
2018-08-03,309.4313267299107
2018-08-04,333.58778599330356
2018-08-05,334.15488978794644
2018-08-06,327.98416573660717
2018-08-07,305.0949009486607
2018-08-08,318.59420340401783
2018-08-09,316.09706333705356
2018-08-10,319.2284458705357
2018-08-11,335.98779296875
2018-08-12,338.93568638392856
2018-08-13,338.459228515625
2018-08-14,327.16782924107144
2018-08-15,335.260009765625
2018-08-16,335.8142787388393
2018-08-17,337.17354910714283
2018-08-18,319.33067103794644
2018-08-19,320.35641043526783
2018-08-20,317.71212332589283
2018-08-21,303.73427036830356
2018-08-22,302.29000418526783
2018-08-23,287.90000697544644
2018-08-24,270.37001255580356
2018-08-25,251.93854631696428
2018-08-26,250.62782505580358
2018-08-27,242.31358119419642
2018-08-28,235.22073800223214
2018-08-29,217.62785993303572
2018-08-30,220.55001395089286
2018-08-31,211.94144112723214
2018-09-01,207.73357282366072
2018-09-02,207.57069614955358
2018-09-03,198.34214564732142
2018-09-04,193.355712890625
2018-09-05,199.70713588169642
2018-09-06,214.91496930803572
2018-09-07,210.422119140625
2018-09-08,228.14069475446428
2018-09-09,234.64351981026786
2018-09-10,226.59280831473214
2018-09-11,220.27064732142858
2018-09-12,217.14923967633928
2018-09-13,213.26426478794642
2018-09-14,213.47286551339286
2018-09-15,203.72004045758928
2018-09-16,197.29718889508928
2018-09-17,209.64718191964286
2018-09-18,208.62220982142858
2018-09-19,183.23078264508928
2018-09-20,165.03076171875
2018-09-21,174.99863978794642
2018-09-22,165.07223074776786
2018-09-23,153.764404296875
2018-09-24,157.36725725446428
2018-09-25,163.30085100446428
2018-09-26,169.67511858258928
2018-09-27,174.21365792410714
2018-09-28,177.55507114955358
2018-09-29,182.14861188616072
2018-09-30,181.64930943080358
2018-10-01,168.90143694196428
2018-10-02,165.720703125
2018-10-03,156.95713588169642
2018-10-04,154.96358816964286
2018-10-05,138.40928431919642
2018-10-06,127.90785435267857
2018-10-07,127.74501255580357
2018-10-08,125.34214564732143
2018-10-09,113.39142717633929
2018-10-10,107.36715262276786
2018-10-11,114.21358816964286
2018-10-12,107.45071847098214
2018-10-13,101.46641322544643
2018-10-14,101.88214983258929
2018-10-15,144.89358956473214
2018-10-16,146.91357421875
2018-10-17,144.508544921875
2018-10-18,145.37283761160714
2018-10-19,144.09856305803572
2018-10-20,143.95427594866072
2018-10-21,143.66353934151786
2018-10-22,142.363525390625
2018-10-23,142.38277762276786
2018-10-24,138.77207728794642
2018-10-25,118.38779994419643
2018-10-26,115.29139927455357
2018-10-27,115.66144670758929
2018-10-28,113.61213030133929
2018-10-29,77.19998604910714
2018-10-30,73.81644112723214
2018-10-31,70.13933454241071
2018-11-01,78.55433872767857
2018-11-02,80.06218610491071
2018-11-03,80.70357840401786
2018-11-04,81.68073381696429
2018-11-05,84.26286969866071
2018-11-06,84.30929129464286
2018-11-07,87.02500697544643
2018-11-08,89.93715122767857
2018-11-09,92.39498465401786
2018-11-10,92.25851004464286
2018-11-11,93.594970703125
2018-11-12,84.81853376116071
2018-11-13,84.65781947544643
2018-11-14,141.45636858258928
2018-11-15,154.39421735491072
2018-11-16,160.72279575892858
2018-11-17,160.81710379464286
2018-11-18,161.18994140625
2018-11-19,208.59423828125
2018-11-20,253.17354910714286
2018-11-21,270.35923549107144
2018-11-22,282.18851143973217
2018-11-23,290.59207589285717
2018-11-24,331.01780482700894
2018-11-25,364.0699462890625
2018-11-26,391.88997977120533
2018-11-27,402.55782645089283
2018-11-28,383.8235386439732
2018-11-29,373.16749790736606
2018-11-30,389.0299595424107
2018-12-01,409.07615443638394
2018-12-02,415.59481375558033
2018-12-03,382.37362234933033
2018-12-04,351.18631417410717
2018-12-05,342.8856724330357
2018-12-06,349.30454799107144
2018-12-07,352.1712123325893
2018-12-08,319.13284737723217
2018-12-09,296.3043736049107
2018-12-10,275.87350027901783
2018-12-11,270.0867222377232
2018-12-12,238.34151785714286
2018-12-13,232.93809291294642
2018-12-14,214.57088797433036
2018-12-15,196.31429617745536
2018-12-16,187.84232003348214
2018-12-17,189.95272391183036
2018-12-18,187.90290178571428
2018-12-19,191.22804478236608
2018-12-20,198.97016252790178
2018-12-21,206.58518763950892
2018-12-22,206.8031005859375
2018-12-23,199.1678466796875
2018-12-24,205.99815150669642
2018-12-25,220.89857700892858
2018-12-26,221.09491838727678
2018-12-27,223.76356724330358
2018-12-28,237.37001255580358
2018-12-29,241.60398646763392
2018-12-30,243.9437255859375
2018-12-31,229.50062779017858
2019-01-01,224.465087890625
2019-01-02,215.07071358816964
2019-01-03,190.42304338727678
2019-01-04,171.46571568080358
2019-01-05,165.00566755022322
2019-01-06,176.25326102120536
2019-01-07,161.88949148995536
2019-01-08,146.35553850446428
2019-01-09,140.80160086495536
2019-01-10,153.36757114955358
2019-01-11,135.31815011160714
2019-01-12,128.30510602678572
2019-01-13,130.10103934151786
2019-01-14,132.43500627790178
2019-01-15,129.32939801897322
2019-01-16,124.36739676339286
2019-01-17,120.15229143415179
2019-01-18,117.5350341796875
2019-01-19,120.26021902901786
2019-01-20,112.65909249441964
2019-01-21,111.12939453125
2019-01-22,108.91221400669643
2019-01-23,109.77029854910714
2019-01-24,84.20619419642857
2019-01-25,82.5289306640625
2019-01-26,83.70176478794643
2019-01-27,77.67267717633929
2019-01-28,75.67032296316964
2019-01-29,73.8875732421875
2019-01-30,74.22208077566964
2019-01-31,74.13023158482143
2019-02-01,75.91047014508929
2019-02-02,72.30740792410714
2019-02-03,66.09994070870536
2019-02-04,64.90945870535714
2019-02-05,60.994175502232146
2019-02-06,61.906494140625
2019-02-07,60.958809988839285
2019-02-08,80.04881068638393
2019-02-09,78.03416224888393
2019-02-10,78.650634765625
2019-02-11,71.92257254464286
2019-02-12,70.1214599609375
2019-02-13,69.17241559709821
2019-02-14,67.86310686383929
2019-02-15,65.66496930803571
2019-02-16,64.369140625
2019-02-17,63.504237583705354
2019-02-18,80.15035574776786
2019-02-19,85.61572265625
2019-02-20,85.88094656808036
2019-02-21,88.46482631138393
2019-02-22,70.68851143973214
2019-02-23,82.41545758928571
2019-02-24,108.335205078125
2019-02-25,112.14803641183036
2019-02-26,112.40250069754464
2019-02-27,115.91988699776786
2019-02-28,117.46833147321429
2019-03-01,118.64793178013393
2019-03-02,118.99853515625
2019-03-03,117.37158203125
2019-03-04,107.86797223772321
2019-03-05,111.86849539620536
2019-03-06,109.997802734375
2019-03-07,108.23772321428571
2019-03-08,109.6292724609375
2019-03-09,102.29270717075893
2019-03-10,75.49703543526786
2019-03-11,73.38567243303571
2019-03-12,74.08121163504464
2019-03-13,69.29190499441964
2019-03-14,68.21836635044643
2019-03-15,68.1058349609375
2019-03-16,73.36624581473214
2019-03-17,74.01860700334821
2019-03-18,68.93341936383929
2019-03-19,61.76698521205357
2019-03-20,62.50279017857143
2019-03-21,65.85623604910714
2019-03-22,62.79628208705357
2019-03-23,58.444178989955354
2019-03-24,57.92372349330357
2019-03-25,59.899710518973215
2019-03-26,58.256678989955354
2019-03-27,63.582554408482146
2019-03-28,64.25599888392857
2019-03-29,66.03287179129464
2019-03-30,75.08799525669643
2019-03-31,73.03168596540179
2019-04-01,73.43256487165179
2019-04-02,122.87785993303571
2019-04-03,149.45152064732142
2019-04-04,159.0341796875
2019-04-05,166.295166015625
2019-04-06,179.12956891741072
2019-04-07,189.86296735491072
2019-04-08,194.56403459821428
2019-04-09,200.43341936383928
2019-04-10,208.93437848772322
2019-04-11,229.09819684709822
2019-04-12,233.95663016183036
2019-04-13,221.28775460379464
2019-04-14,229.25383649553572
2019-04-15,236.71711077008928
2019-04-16,196.22516741071428
2019-04-17,169.41713169642858
2019-04-18,158.21097237723214
2019-04-19,156.02005440848214
2019-04-20,145.23528180803572
2019-04-21,139.36464146205358
2019-04-22,137.349365234375
2019-04-23,146.05611746651786
2019-04-24,145.73556082589286
2019-04-25,147.44771902901786
2019-04-26,151.65084402901786
2019-04-27,152.47809709821428
2019-04-28,148.19956752232142
2019-04-29,142.64596121651786
2019-04-30,139.45431082589286
2019-05-01,140.54631696428572
2019-05-02,144.72959681919642
2019-05-03,164.18209402901786
2019-05-04,176.954345703125
2019-05-05,178.614501953125
2019-05-06,179.10445731026786
2019-05-07,179.27507672991072
2019-05-08,177.23821149553572
2019-05-09,165.79701450892858
2019-05-10,170.57080078125
2019-05-11,233.44151088169642
2019-05-12,277.5524204799107
2019-05-13,352.86268833705356
2019-05-14,383.80943080357144
2019-05-15,401.44935825892856
2019-05-16,434.532958984375
2019-05-17,471.343017578125
2019-05-18,468.08182198660717
2019-05-19,530.0925990513393
2019-05-20,556.7294573102679
2019-05-21,554.7327357700893
2019-05-22,568.0441545758929
2019-05-23,583.0350167410714
2019-05-24,586.1187569754464
2019-05-25,528.5934361049107
2019-05-26,533.9326520647321
2019-05-27,468.8854282924107
2019-05-28,440.3120814732143
2019-05-29,437.1554478236607
2019-05-30,451.14296177455356
2019-05-31,417.07777622767856
2019-06-01,413.38169642857144
2019-06-02,360.10239955357144
2019-06-03,361.3258579799107
2019-06-04,391.8736049107143
2019-06-05,381.2704380580357
2019-06-06,378.07578822544644
2019-06-07,379.6121303013393
2019-06-08,385.8500279017857
2019-06-09,359.4146205357143
2019-06-10,374.17954799107144
2019-06-11,379.98636300223217
2019-06-12,384.35525948660717
2019-06-13,344.17421177455356
2019-06-14,352.2553013392857
2019-06-15,359.1631556919643
2019-06-16,378.68045479910717
2019-06-17,370.69252232142856
2019-06-18,349.04795619419644
2019-06-19,348.7654506138393
2019-06-20,348.4844447544643
2019-06-21,368.60606166294644
2019-06-22,426.5367954799107
2019-06-23,447.77211216517856
2019-06-24,448.50711495535717
2019-06-25,486.37315150669644
2019-06-26,608.2733677455357
2019-06-27,793.6151994977679
2019-06-28,865.2892020089286
2019-06-29,912.3049665178571
2019-06-30,973.5952845982143
2019-07-01,1022.8553989955357
2019-07-02,1082.200474330357
2019-07-03,1149.1415318080358
2019-07-04,1183.253696986607
2019-07-05,1176.197544642857
2019-07-06,1147.068568638393
2019-07-07,1125.837611607143
2019-07-08,1161.3369140625
2019-07-09,1144.3480050223213
2019-07-10,1099.8950892857142
2019-07-11,969.7735072544643
2019-07-12,912.3208705357143
2019-07-13,914.7869001116071
2019-07-14,903.162109375
2019-07-15,899.1360212053571
2019-07-16,925.8662109375
2019-07-17,899.6947544642857
2019-07-18,936.8760463169643
2019-07-19,934.4942801339286
2019-07-20,931.271484375
2019-07-21,935.51953125
2019-07-22,902.9773995535714
2019-07-23,897.0690569196429
2019-07-24,816.7790178571429
2019-07-25,772.6866629464286
2019-07-26,734.9861188616071
2019-07-27,722.2947823660714
2019-07-28,658.48193359375
2019-07-29,597.6205357142857
2019-07-30,505.89892578125
2019-07-31,483.5796595982143
2019-08-01,423.92654854910717
2019-08-02,409.6113978794643
2019-08-03,398.6035853794643
2019-08-04,394.07791573660717
2019-08-05,425.32700892857144
2019-08-06,462.46533203125
2019-08-07,484.5223911830357
2019-08-08,487.59061104910717
2019-08-09,492.03187779017856
2019-08-10,480.31459263392856
2019-08-11,476.8886021205357
2019-08-12,476.7841796875
2019-08-13,500.01981026785717
2019-08-14,527.1743861607143
2019-08-15,544.1168387276786
2019-08-16,571.3976702008929
2019-08-17,565.8726981026786
2019-08-18,564.3760463169643
2019-08-19,540.6969866071429
2019-08-20,493.91064453125
2019-08-21,510.53341238839283
2019-08-22,508.98207310267856
2019-08-23,516.3776506696429
2019-08-24,505.232421875
2019-08-25,506.7001953125
2019-08-26,519.4709123883929
2019-08-27,498.34981863839283
2019-08-28,476.56522042410717
2019-08-29,446.06961495535717
2019-08-30,414.56605747767856
2019-08-31,398.52992466517856
2019-09-01,387.51820591517856
2019-09-02,392.02476283482144
2019-09-03,399.13016183035717
2019-09-04,362.83921595982144
2019-09-05,342.0762416294643
2019-09-06,359.3770228794643
2019-09-07,343.2363978794643
2019-09-08,335.4302455357143
2019-09-09,329.66978236607144
2019-09-10,335.36642020089283
2019-09-11,311.97084263392856
2019-09-12,312.53194754464283
2019-09-13,311.6084681919643
2019-09-14,310.82407924107144
2019-09-15,300.8334263392857
2019-09-16,267.34640066964283
2019-09-17,243.73751395089286
2019-09-18,226.34640066964286
2019-09-19,250.14104352678572
2019-09-20,217.79987444196428
2019-09-21,216.20235770089286
2019-09-22,213.72837611607142
2019-09-23,216.70786830357142
2019-09-24,292.4032505580357
2019-09-25,305.56466238839283
2019-09-26,325.35355050223217
2019-09-27,331.83248465401783
2019-09-28,333.9572056361607
2019-09-29,348.04774693080356
2019-09-30,368.5012904575893
2019-10-01,380.49989536830356
2019-10-02,386.277587890625
2019-10-03,373.69287109375
2019-10-04,370.4881068638393
2019-10-05,367.41782924107144
2019-10-06,371.0355747767857
2019-10-07,375.00624302455356
2019-10-08,283.1088169642857
2019-10-09,285.89278738839283
2019-10-10,252.55583844866072
2019-10-11,259.69876534598217
2019-10-12,255.53560965401786
2019-10-13,250.04746791294642
2019-10-14,223.09071568080358
2019-10-15,220.44754464285714
2019-10-16,225.18868582589286
2019-10-17,215.624267578125
2019-10-18,224.72645786830358
2019-10-19,224.25837053571428
2019-10-20,233.53118024553572
2019-10-21,211.93076869419642
2019-10-22,217.30482700892858
2019-10-23,229.10979352678572
2019-10-24,224.29122488839286
2019-10-25,281.85958426339283
2019-10-26,371.79833984375
2019-10-27,403.41343470982144
2019-10-28,435.04854910714283
2019-10-29,439.01454380580356
2019-10-30,446.91416713169644
2019-10-31,462.66807338169644
2019-11-01,456.05092075892856
2019-11-02,455.3399135044643
2019-11-03,448.63818359375
2019-11-04,463.873046875
2019-11-05,462.32289341517856
2019-11-06,426.15513392857144
2019-11-07,431.88685825892856
2019-11-08,380.86328125
2019-11-09,290.69266183035717
2019-11-10,266.45528738839283
2019-11-11,254.43394252232142
2019-11-12,246.20598493303572
2019-11-13,227.12548828125
2019-11-14,211.40750558035714
2019-11-15,218.72321428571428
2019-11-16,218.01785714285714
2019-11-17,217.17975725446428
2019-11-18,221.90408761160714
2019-11-19,229.62315150669642
2019-11-20,237.43746512276786
2019-11-21,262.19412667410717
2019-11-22,281.0120326450893
2019-11-23,294.7395717075893
2019-11-24,300.56985909598217
2019-11-25,323.5712193080357
2019-11-26,327.37960379464283
2019-11-27,368.1173618861607
2019-11-28,378.228759765625
2019-11-29,383.54261997767856
2019-11-30,397.987548828125
2019-12-01,401.80562918526783
2019-12-02,391.92794363839283
2019-12-03,383.42428152901783
2019-12-04,393.57666015625
2019-12-05,393.43655831473217
2019-12-06,350.1612025669643
2019-12-07,333.97544642857144
2019-12-08,318.20595005580356
2019-12-09,286.0214146205357
2019-12-10,282.90147181919644
2019-12-11,245.98074776785714
2019-12-12,233.54840959821428
2019-12-13,215.40659877232142
2019-12-14,207.64767020089286
2019-12-15,205.96376255580358
2019-12-16,207.82568359375
2019-12-17,221.15419224330358
2019-12-18,250.87374441964286
2019-12-19,236.19273158482142
2019-12-20,237.40534319196428
2019-12-21,240.70891462053572
2019-12-22,254.44740513392858
2019-12-23,260.0100795200893
2019-12-24,266.3107212611607
2019-12-25,266.8392857142857
2019-12-26,272.9833984375
2019-12-27,280.63748604910717
2019-12-28,273.5309361049107
2019-12-29,271.9154575892857
2019-12-30,265.56044224330356
2019-12-31,250.51838030133928
2020-01-01,200.12200055803572
2020-01-02,198.09803989955358
2020-01-03,221.44956752232142
2020-01-04,221.976806640625
2020-01-05,207.19876534598214
2020-01-06,210.24093191964286
2020-01-07,220.51238141741072
2020-01-08,242.22202845982142
2020-01-09,245.93460518973214
2020-01-10,264.94775390625
2020-01-11,270.41786411830356
2020-01-12,267.3408203125
2020-01-13,263.0244838169643
2020-01-14,303.95779854910717
2020-01-15,314.92518833705356
2020-01-16,311.88804408482144
2020-01-17,296.32278878348217
2020-01-18,301.10811941964283
2020-01-19,329.7024623325893
2020-01-20,316.3126743861607
2020-01-21,302.1124790736607
2020-01-22,281.8469935825893
2020-01-23,290.00537109375
2020-01-24,276.29443359375
2020-01-25,274.40279715401783
2020-01-26,280.53843470982144
2020-01-27,299.31051199776783
2020-01-28,278.7079380580357
2020-01-29,271.85323660714283
2020-01-30,278.12918526785717
2020-01-31,278.85232979910717
2020-02-01,274.65359933035717
2020-02-02,253.70298549107142
2020-02-03,261.3187779017857
2020-02-04,261.8379603794643
2020-02-05,289.0771484375
2020-02-06,284.1265345982143
2020-02-07,274.18994140625
2020-02-08,276.73311941964283
2020-02-09,276.88595145089283
2020-02-10,276.9077845982143
2020-02-11,279.0917271205357
2020-02-12,282.96742466517856
2020-02-13,284.34151785714283
2020-02-14,277.5938197544643
2020-02-15,301.9541015625
2020-02-16,307.7118443080357
2020-02-17,317.6718052455357
2020-02-18,339.8931361607143
2020-02-19,342.95431082589283
2020-02-20,332.27685546875
2020-02-21,334.03097098214283
2020-02-22,326.86411830357144
2020-02-23,326.9048549107143
2020-02-24,329.2977818080357
2020-02-25,319.79764229910717
2020-02-26,352.59249441964283
2020-02-27,353.60874720982144
2020-02-28,367.9702845982143
2020-02-29,347.18422154017856
2020-03-01,341.7557896205357
2020-03-02,338.72007533482144
2020-03-03,314.93833705357144
2020-03-04,282.82993861607144
2020-03-05,300.79366629464283
2020-03-06,300.96114676339283
2020-03-07,313.45926339285717
2020-03-08,351.27908761160717
2020-03-09,356.49281529017856
2020-03-10,354.66898018973217
2020-03-11,330.21543666294644
2020-03-12,524.0060686383929
2020-03-13,619.2639508928571
2020-03-14,642.4092494419643
2020-03-15,671.8219517299107
2020-03-16,702.413330078125
2020-03-17,716.1869768415179
2020-03-18,725.5843680245536
2020-03-19,776.0099748883929
2020-03-20,836.2145298549107
2020-03-21,848.5599190848214
2020-03-22,829.05224609375
2020-03-23,841.2833077566964
2020-03-24,845.2671944754464
2020-03-25,848.6659807477679
2020-03-26,639.7901785714286
2020-03-27,539.5045340401786
2020-03-28,528.9190499441964
2020-03-29,504.84901646205356
2020-03-30,490.34933035714283
2020-03-31,471.84315708705356
2020-04-01,482.393310546875
2020-04-02,439.5048828125
2020-04-03,393.17665318080356
2020-04-04,374.40213448660717
2020-04-05,348.080810546875
2020-04-06,335.93519810267856
2020-04-07,329.74009486607144
2020-04-08,318.83530970982144
2020-04-09,320.1105259486607
2020-04-10,332.5537806919643
2020-04-11,317.138671875
2020-04-12,315.60208565848217
2020-04-13,293.37855747767856
2020-04-14,295.83447265625
2020-04-15,287.6245814732143
2020-04-16,293.8115234375
2020-04-17,278.59483119419644
2020-04-18,278.4691685267857
2020-04-19,274.6107700892857
2020-04-20,268.6033412388393
2020-04-21,254.95221819196428
2020-04-22,260.3212193080357
2020-04-23,278.02382114955356
2020-04-24,252.53316824776786
2020-04-25,251.35763113839286
2020-04-26,239.23744419642858
2020-04-27,225.90530831473214
2020-04-28,220.11851283482142
2020-04-29,276.57871791294644
2020-04-30,300.039306640625
2020-05-01,319.51206752232144
2020-05-02,320.5914829799107
2020-05-03,336.5445033482143
2020-05-04,329.9083775111607
2020-05-05,337.4425571986607
2020-05-06,349.34810965401783
2020-05-07,381.07320731026783
2020-05-08,387.15171595982144
2020-05-09,402.40366908482144
2020-05-10,478.2098911830357
2020-05-11,516.9931291852679
2020-05-12,538.1741420200893
2020-05-13,497.2953404017857
2020-05-14,470.9266880580357
2020-05-15,478.423828125
2020-05-16,486.11593191964283
2020-05-17,495.8763950892857
2020-05-18,497.5756138392857
2020-05-19,504.0638950892857
2020-05-20,497.83754185267856
2020-05-21,485.76395089285717
2020-05-22,485.38734654017856
2020-05-23,474.75697544642856
2020-05-24,424.80552455357144
2020-05-25,394.24769810267856
2020-05-26,383.8490513392857
2020-05-27,373.5463169642857
2020-05-28,363.51981026785717
2020-05-29,342.083984375
2020-05-30,344.49755859375
2020-05-31,329.8304966517857
2020-06-01,359.3301478794643
2020-06-02,389.7119838169643
2020-06-03,379.24197823660717
2020-06-04,356.1742466517857
2020-06-05,354.8687220982143
2020-06-06,354.72684151785717
2020-06-07,341.09786551339283
2020-06-08,332.1752232142857
2020-06-09,327.67347935267856
2020-06-10,314.205078125
2020-06-11,334.01695033482144
2020-06-12,338.32310267857144
2020-06-13,321.17320033482144
2020-06-14,311.64174107142856
2020-06-15,294.9287806919643
2020-06-16,256.15848214285717
2020-06-17,256.30636160714283
2020-06-18,241.45089285714286
2020-06-19,238.63371930803572
2020-06-20,236.14690290178572
2020-06-21,221.17041015625
2020-06-22,239.15471540178572
2020-06-23,235.70075334821428
2020-06-24,251.52420479910714
2020-06-25,220.78194754464286
2020-06-26,217.50795200892858
2020-06-27,225.53592354910714
2020-06-28,231.77483258928572
2020-06-29,208.99002511160714
2020-06-30,205.70521763392858
2020-07-01,205.12925502232142
2020-07-02,211.12590680803572
2020-07-03,209.48088727678572
2020-07-04,208.20047433035714
2020-07-05,214.23556082589286
2020-07-06,211.27908761160714
2020-07-07,214.87660435267858
2020-07-08,200.49818638392858
2020-07-09,197.03696986607142
2020-07-10,194.22921316964286
2020-07-11,185.97586495535714
2020-07-12,178.82924107142858
2020-07-13,170.71602957589286
2020-07-14,169.22907366071428
2020-07-15,161.96993582589286
2020-07-16,153.90032087053572
2020-07-17,150.29331752232142
2020-07-18,150.32854352678572
2020-07-19,144.51409040178572
2020-07-20,127.36767578125
2020-07-21,133.38295200892858
2020-07-22,134.09933035714286
2020-07-23,129.16099330357142
2020-07-24,127.19049944196429
2020-07-25,132.92606026785714
2020-07-26,150.71114676339286
2020-07-27,244.43540736607142
2020-07-28,277.2578822544643
2020-07-29,301.8910435267857
2020-07-30,312.50076729910717
2020-07-31,336.48353794642856
2020-08-01,366.8359375
2020-08-02,431.99658203125
2020-08-03,457.9896763392857
2020-08-04,460.37276785714283
2020-08-05,490.1918247767857
2020-08-06,502.79031808035717
2020-08-07,527.6161411830357
2020-08-08,532.4224330357143
2020-08-09,524.3018973214286
2020-08-10,452.06131417410717
2020-08-11,463.86893136160717
2020-08-12,467.4785853794643
2020-08-13,489.30880301339283
2020-08-14,491.93226841517856
2020-08-15,466.17606026785717
2020-08-16,407.72593470982144
2020-08-17,415.70424107142856
2020-08-18,422.12890625
2020-08-19,401.6473911830357
2020-08-20,393.55636160714283
2020-08-21,382.4732142857143
2020-08-22,382.39955357142856
2020-08-23,374.9878627232143
2020-08-24,360.8091517857143
2020-08-25,350.1982421875
2020-08-26,331.21742466517856
2020-08-27,317.31173270089283
2020-08-28,300.42982700892856
2020-08-29,295.06138392857144
2020-08-30,296.85923549107144
2020-08-31,269.58768136160717
2020-09-01,275.64271763392856
2020-09-02,299.79227120535717
2020-09-03,376.23583984375
2020-09-04,384.9286411830357
2020-09-05,413.09249441964283
2020-09-06,423.34486607142856
2020-09-07,444.6504603794643
2020-09-08,436.16587611607144
2020-09-09,443.32533482142856
2020-09-10,434.82045200892856
2020-09-11,439.45570591517856
2020-09-12,451.3916713169643
2020-09-13,460.67752511160717
2020-09-14,486.6377650669643
2020-09-15,473.51060267857144
2020-09-16,453.19308035714283
2020-09-17,381.92417689732144
2020-09-18,364.01499720982144
2020-09-19,334.69921875
2020-09-20,333.58140345982144
2020-09-21,342.53738839285717
2020-09-22,322.22921316964283
2020-09-23,322.75083705357144
2020-09-24,342.30726841517856
2020-09-25,335.49986049107144
2020-09-26,322.59033203125
2020-09-27,310.31675502232144
2020-09-28,289.4204799107143
2020-09-29,284.30147879464283
2020-09-30,268.77978515625
2020-10-01,282.95654296875
2020-10-02,285.52064732142856
2020-10-03,275.75892857142856
2020-10-04,266.48863002232144
2020-10-05,234.40743582589286
2020-10-06,240.36007254464286
2020-10-07,224.46051897321428
2020-10-08,213.28655133928572
2020-10-09,217.36077008928572
2020-10-10,237.32882254464286
2020-10-11,234.40959821428572
2020-10-12,249.86153738839286
2020-10-13,251.54959542410714
2020-10-14,255.42180524553572
2020-10-15,241.49630301339286
2020-10-16,246.91775948660714
2020-10-17,247.85386439732142
2020-10-18,246.72335379464286
2020-10-19,263.28731863839283
2020-10-20,266.8408900669643
2020-10-21,350.1006556919643
2020-10-22,354.48416573660717
2020-10-23,355.01939174107144
2020-10-24,346.0228794642857
2020-10-25,365.94691685267856
2020-10-26,362.0279017857143
2020-10-27,395.22021484375
2020-10-28,443.3129185267857
2020-10-29,469.43275669642856
2020-10-30,483.59486607142856
2020-10-31,517.1496930803571
2020-11-01,524.1406947544643
2020-11-02,536.5950055803571
2020-11-03,560.95947265625
2020-11-04,514.8635602678571
2020-11-05,597.70751953125
2020-11-06,627.2277483258929
2020-11-07,702.5544084821429
2020-11-08,736.4178292410714
2020-11-09,773.3244280133929
2020-11-10,746.6485770089286
2020-11-11,726.7064034598214
2020-11-12,736.5809849330357
2020-11-13,733.4172014508929
2020-11-14,733.2694614955357
2020-11-15,740.1209542410714
2020-11-16,766.5718470982143
2020-11-17,806.4886300223214
2020-11-18,835.25634765625
2020-11-19,773.3046875
2020-11-20,796.9356863839286
2020-11-21,738.2477678571429
2020-11-22,747.1316266741071
2020-11-23,732.20458984375
2020-11-24,796.0793108258929
2020-11-25,809.1910574776786
2020-11-26,933.8351702008929
2020-11-27,965.8047572544643
2020-11-28,992.5670340401786
2020-11-29,1020.7767159598214
2020-11-30,1066.2269810267858
2020-12-01,1088.0611049107142
2020-12-02,1082.3159877232142
2020-12-03,1075.4169921875
2020-12-04,1061.615513392857
2020-12-05,1067.1865234375
2020-12-06,1029.6880580357142
2020-12-07,1013.2635323660714
2020-12-08,998.5433872767857
2020-12-09,990.0382254464286
2020-12-10,853.009765625
2020-12-11,833.7469308035714
2020-12-12,828.7628348214286
2020-12-13,823.2407924107143
2020-12-14,731.8558872767857
2020-12-15,654.7925502232143
2020-12-16,740.5054408482143
2020-12-17,866.7610212053571
2020-12-18,868.5166015625
2020-12-19,917.7399553571429
2020-12-20,958.4073660714286
2020-12-21,1059.8309151785713
2020-12-22,1084.5283203125
2020-12-23,1122.4638671875
2020-12-24,1150.5987723214287
2020-12-25,1193.2779017857142
2020-12-26,1287.697265625
2020-12-27,1410.4734933035713
2020-12-28,1473.979213169643
2020-12-29,1540.9974888392858
2020-12-30,1499.3588169642858
2020-12-31,1401.8517020089287
2021-01-01,1398.8696986607142
2021-01-02,1599.1948939732142
2021-01-03,1705.9301060267858
2021-01-04,1907.133510044643
2021-01-05,2111.212472098214
2021-01-06,2264.3424944196427
2021-01-07,2457.087890625
2021-01-08,2732.9217354910716
2021-01-09,2751.5
2021-01-10,2970.749441964286
2021-01-11,3443.990234375
2021-01-12,3621.6422991071427
2021-01-13,3867.1881975446427
2021-01-14,4013.9709821428573
2021-01-15,4308.333844866072
2021-01-16,4177.396484375
2021-01-17,4184.309988839285
2021-01-18,4019.8798828125
2021-01-19,3839.142996651786
2021-01-20,3799.299246651786
2021-01-21,3914.4959542410716
2021-01-22,3896.6657366071427
2021-01-23,3854.690011160714
2021-01-24,3597.6728515625
2021-01-25,3233.9666573660716
2021-01-26,3083.519112723214
2021-01-27,2954.0489676339284
2021-01-28,3006.710518973214
2021-01-29,3108.3766741071427
2021-01-30,3084.3557477678573
2021-01-31,3039.0075334821427
2021-02-01,3027.475027901786
2021-02-02,3079.0163225446427
2021-02-03,3023.8985770089284
2021-02-04,2807.6661551339284
2021-02-05,2572.570870535714
2021-02-06,2632.5954241071427
2021-02-07,2656.764090401786
2021-02-08,3043.3819754464284
2021-02-09,3119.9874441964284
2021-02-10,3124.3948102678573
2021-02-11,3155.8663504464284
2021-02-12,2868.674246651786
2021-02-13,2851.5989118303573
2021-02-14,2877.5966796875
2021-02-15,2897.17578125
2021-02-16,2949.4709821428573
2021-02-17,3051.2804129464284
2021-02-18,2992.970703125
2021-02-19,3250.772879464286
2021-02-20,3262.9520089285716
2021-02-21,3297.400390625
2021-02-22,3329.169921875
2021-02-23,3763.4534040178573
2021-02-24,3821.469308035714
2021-02-25,3862.8557477678573
2021-02-26,3976.797433035714
2021-02-27,4071.7101004464284
2021-02-28,4149.759207589285
2021-03-01,4302.675502232143
2021-03-02,4285.452008928572
2021-03-03,4342.543526785715
2021-03-04,4529.673549107143
2021-03-05,4363.783482142857
2021-03-06,4293.142299107143
2021-03-07,4279.858258928572
2021-03-08,3868.1180245535716
2021-03-09,3434.229073660714
2021-03-10,3426.423828125
2021-03-11,3337.2346540178573
2021-03-12,3244.665457589286
2021-03-13,3421.9260602678573
2021-03-14,3337.696707589286
2021-03-15,3371.904296875
2021-03-16,3399.010323660714
2021-03-17,3411.893973214286
2021-03-18,3539.3590959821427
2021-03-19,3539.4132254464284
2021-03-20,3534.291573660714
2021-03-21,3555.0270647321427
2021-03-22,3653.2633928571427
2021-03-23,3629.867745535714
2021-03-24,3685.6311383928573
2021-03-25,3609.1559709821427
2021-03-26,3676.119140625
2021-03-27,3451.791573660714
2021-03-28,3397.7628348214284
2021-03-29,3258.8292410714284
2021-03-30,3181.509207589286
2021-03-31,3021.682198660714
2021-04-01,2680.1194196428573
2021-04-02,2576.0647321428573
2021-04-03,2625.2354910714284
2021-04-04,2552.577566964286
2021-04-05,2410.659598214286
2021-04-06,2361.9469866071427
2021-04-07,2246.1662946428573
2021-04-08,2240.726004464286
2021-04-09,2067.277901785714
2021-04-10,2132.467354910714
2021-04-11,2129.7215401785716
2021-04-12,2019.750279017857
2021-04-13,2139.5114397321427
2021-04-14,2218.41796875
2021-04-15,2256.4118303571427
2021-04-16,2397.432198660714
2021-04-17,2376.3211495535716
2021-04-18,2839.3819754464284
2021-04-19,2907.5954241071427
2021-04-20,3034.833426339286
2021-04-21,3030.2179129464284
2021-04-22,3199.2726004464284
2021-04-23,3433.3401227678573
2021-04-24,3370.791573660714
2021-04-25,3502.6328125
2021-04-26,3772.0647321428573
2021-04-27,3645.311104910714
2021-04-28,3576.0959821428573
2021-04-29,3653.6037946428573
2021-04-30,3753.5270647321427
2021-05-01,3695.330078125
2021-05-02,3233.384765625
2021-05-03,3178.454520089286
2021-05-04,3207.643973214286
2021-05-05,3341.9157366071427
2021-05-06,3210.086495535714
2021-05-07,3129.9905133928573
2021-05-08,3139.070870535714
2021-05-09,3094.952566964286
2021-05-10,3095.8590959821427
2021-05-11,3107.7243303571427
2021-05-12,3568.405691964286
2021-05-13,3686.4776785714284
2021-05-14,3529.222098214286
2021-05-15,3713.4690290178573
2021-05-16,3998.897879464286
2021-05-17,4144.171595982143
2021-05-18,4102.876674107143
2021-05-19,4668.756138392857
2021-05-20,4985.296037946428
2021-05-21,5361.791294642857
2021-05-22,5430.217633928572
2021-05-23,5739.717633928572
2021-05-24,5728.014787946428
2021-05-25,5794.517020089285
2021-05-26,5372.189453125
2021-05-27,5285.110212053572
2021-05-28,5392.852399553572
2021-05-29,5361.784319196428
2021-05-30,5156.301339285715
2021-05-31,5071.303850446428
2021-06-01,4975.948381696428
2021-06-02,4218.834821428572
2021-06-03,3849.021484375
2021-06-04,3489.667410714286
2021-06-05,3458.9481026785716
2021-06-06,3035.3741629464284
2021-06-07,2894.3649553571427
2021-06-08,2873.509347098214
2021-06-09,3029.599609375
2021-06-10,2983.529296875
2021-06-11,2803.98046875
2021-06-12,2742.5636160714284
2021-06-13,2855.3309151785716
2021-06-14,2783.5290178571427
2021-06-15,2753.2541852678573
2021-06-16,2758.662109375
2021-06-17,2747.1632254464284
2021-06-18,2704.780691964286
2021-06-19,2598.1688058035716
2021-06-20,2704.9949776785716
2021-06-21,2784.6932198660716
2021-06-22,2891.542410714286
2021-06-23,2742.9189453125
2021-06-24,2768.4122488839284
2021-06-25,2952.134765625
2021-06-26,2935.8741629464284
2021-06-27,2801.995535714286
2021-06-28,2737.4768415178573
2021-06-29,2780.6071428571427
2021-06-30,2755.454520089286
2021-07-01,2761.387276785714
2021-07-02,2635.494698660714
2021-07-03,2634.1969866071427
2021-07-04,2556.6026785714284
2021-07-05,2388.632393973214
2021-07-06,2177.1884765625
2021-07-07,2047.016880580357
2021-07-08,1970.6658761160713
2021-07-09,1798.3123604910713
2021-07-10,1701.1675502232142
2021-07-11,1604.9956752232142
2021-07-12,1646.212193080357
2021-07-13,1558.7876674107142
2021-07-14,1518.3353794642858
2021-07-15,1505.969447544643
2021-07-16,1502.3138950892858
2021-07-17,1445.555943080357
2021-07-18,1420.0140904017858
2021-07-19,1366.300083705357
2021-07-20,1381.058314732143
2021-07-21,1528.7559988839287
2021-07-22,1461.3544921875
2021-07-23,1447.0863560267858
2021-07-24,1445.1201171875
2021-07-25,1462.6290457589287
2021-07-26,1699.594447544643
2021-07-27,1835.275390625
2021-07-28,1873.2296316964287
2021-07-29,1820.1639229910713
2021-07-30,2014.482421875
2021-07-31,2043.9652622767858
2021-08-01,2173.7677176339284
2021-08-02,2198.8182198660716
2021-08-03,2221.871651785714
2021-08-04,2160.228097098214
2021-08-05,2378.2872488839284
2021-08-06,2507.988839285714
2021-08-07,2579.8289620535716
2021-08-08,2613.2112165178573
2021-08-09,2498.6241629464284
2021-08-10,2424.854073660714
2021-08-11,2384.1604352678573
2021-08-12,2464.6213727678573
2021-08-13,2444.0047433035716
2021-08-14,2500.8858816964284
2021-08-15,2413.5128348214284
2021-08-16,2458.151785714286
2021-08-17,2505.2354910714284
2021-08-18,2449.8713727678573
2021-08-19,2384.7653459821427
2021-08-20,2338.477120535714
2021-08-21,2290.8719308035716
2021-08-22,2242.388113839286
2021-08-23,2085.197265625
2021-08-24,2103.712890625
2021-08-25,2150.5231584821427
2021-08-26,2191.5471540178573
2021-08-27,2132.186104910714
2021-08-28,2050.9871651785716
2021-08-29,2046.7544642857142
2021-08-30,2023.72265625
2021-08-31,1938.8872767857142
2021-09-01,2007.5027901785713
2021-09-02,1915.978236607143
2021-09-03,1909.174107142857
2021-09-04,1880.0298549107142
2021-09-05,1955.630859375
2021-09-06,1972.7586495535713
2021-09-07,2499.6805245535716
2021-09-08,2552.065848214286
2021-09-09,2455.666573660714
2021-09-10,2453.4347098214284
2021-09-11,2479.6319754464284
2021-09-12,2469.3577008928573
2021-09-13,2543.0739397321427
2021-09-14,2616.3836495535716
2021-09-15,2554.1328125
2021-09-16,2533.8590959821427
2021-09-17,2443.302734375
2021-09-18,2493.8523995535716
2021-09-19,2428.0295758928573
2021-09-20,2648.1741071428573
2021-09-21,2237.5627790178573
2021-09-22,2279.0147879464284
2021-09-23,2296.2022879464284
2021-09-24,2400.250558035714
2021-09-25,2406.3440290178573
2021-09-26,2513.2313058035716
2021-09-27,2450.03515625
2021-09-28,2405.5842633928573
2021-09-29,2408.330636160714
2021-09-30,2496.955636160714
2021-10-01,2767.4977678571427
2021-10-02,2704.07421875
2021-10-03,2744.419921875
2021-10-04,2578.883370535714
2021-10-05,2503.6794084821427
2021-10-06,2627.0569196428573
2021-10-07,2627.2815290178573
2021-10-08,2490.923828125
2021-10-09,2521.3856026785716
2021-10-10,2454.686104910714
2021-10-11,2536.8761160714284
2021-10-12,2630.1922433035716
2021-10-13,2744.6277901785716
2021-10-14,2664.1735491071427
2021-10-15,2719.3875558035716
2021-10-16,2808.8010602678573
2021-10-17,2845.061941964286
2021-10-18,2858.642578125
2021-10-19,2861.8180803571427
2021-10-20,2736.063895089286
2021-10-21,2925.146484375
2021-10-22,3022.0965401785716
2021-10-23,3040.2790178571427
2021-10-24,3020.6657366071427
2021-10-25,3003.8264508928573
2021-10-26,3010.109375
2021-10-27,3003.631417410714
2021-10-28,3175.063895089286
2021-10-29,2939.968191964286
2021-10-30,2893.068359375
2021-10-31,2882.4104352678573
2021-11-01,2891.1188616071427
2021-11-02,2945.271484375
2021-11-03,2874.7703683035716
2021-11-04,2720.51953125
2021-11-05,2585.136160714286
2021-11-06,2550.1037946428573
2021-11-07,2552.3922991071427
2021-11-08,2645.908761160714
2021-11-09,2568.080636160714
2021-11-10,2736.260323660714
2021-11-11,2556.032645089286
2021-11-12,2593.8367745535716
2021-11-13,2608.1356026785716
2021-11-14,2573.5304129464284
2021-11-15,2574.2165178571427
2021-11-16,2655.2965959821427
2021-11-17,2653.5465959821427
2021-11-18,2801.6953125
2021-11-19,2869.486328125
2021-11-20,2938.2898995535716
2021-11-21,2901.9324776785716
2021-11-22,2847.6300223214284
2021-11-23,2854.3786272321427
2021-11-24,2587.0452008928573
2021-11-25,2707.6891741071427
2021-11-26,2885.3186383928573
2021-11-27,2895.857979910714
2021-11-28,3036.5535714285716
2021-11-29,2989.9054129464284
2021-11-30,2872.1383928571427
2021-12-01,2885.0242745535716
2021-12-02,2674.7667410714284
2021-12-03,2841.8844866071427
2021-12-04,3459.020926339286
2021-12-05,3496.5320870535716
2021-12-06,3500.9581473214284
2021-12-07,3466.40234375
2021-12-08,3506.869698660714
2021-12-09,3531.960379464286
2021-12-10,3344.6632254464284
2021-12-11,3398.6897321428573
2021-12-12,3268.8258928571427
2021-12-13,3428.0973772321427
2021-12-14,3353.1531808035716
2021-12-15,3379.7762276785716
2021-12-16,3411.3186383928573
2021-12-17,3225.6827566964284
2021-12-18,2560.3487723214284
2021-12-19,2537.2101004464284
2021-12-20,2406.7405133928573
2021-12-21,2466.9670758928573
2021-12-22,2373.2862723214284
2021-12-23,2360.978515625
2021-12-24,2240.119698660714
2021-12-25,2127.550223214286
2021-12-26,2097.140066964286
2021-12-27,1893.3334263392858
2021-12-28,1983.243861607143
2021-12-29,1915.881138392857
2021-12-30,1910.449497767857
2021-12-31,1929.4419642857142
2022-01-01,1916.8306361607142
2022-01-02,1876.6704799107142
2022-01-03,1866.159877232143
2022-01-04,1798.441127232143
2022-01-05,2015.367466517857
2022-01-06,1860.8443080357142
2022-01-07,1916.8409598214287
2022-01-08,1960.896205357143
2022-01-09,1943.21875
2022-01-10,2010.7940848214287
2022-01-11,1891.347935267857
2022-01-12,1869.0717075892858
2022-01-13,1869.9093191964287
2022-01-14,1777.873325892857
2022-01-15,1743.359654017857
2022-01-16,1723.4536830357142
2022-01-17,1710.904296875
2022-01-18,1674.3404017857142
2022-01-19,1467.523716517857
2022-01-20,1584.4536830357142
2022-01-21,1811.997767857143
2022-01-22,1867.9190848214287
2022-01-23,1890.958705357143
2022-01-24,2009.5691964285713
2022-01-25,2014.693359375
2022-01-26,2074.9880022321427
2022-01-27,2052.678292410714
2022-01-28,2079.656808035714
2022-01-29,2087.810546875
2022-01-30,2093.727957589286
2022-01-31,2123.3434709821427
2022-02-01,2113.2921316964284
2022-02-02,2168.0418526785716
2022-02-03,2027.960658482143
2022-02-04,1968.3217075892858
2022-02-05,1859.0005580357142
2022-02-06,1830.9673549107142
2022-02-07,1730.2706473214287
2022-02-08,1788.9056919642858
2022-02-09,1720.6434151785713
2022-02-10,1773.4520089285713
2022-02-11,1770.2036830357142
2022-02-12,1768.07421875
2022-02-13,1761.89453125
2022-02-14,1703.3325892857142
2022-02-15,1787.2407924107142
2022-02-16,1724.3621651785713
2022-02-17,1946.114955357143
2022-02-18,1721.6420200892858
2022-02-19,1714.267299107143
2022-02-20,1768.086216517857
2022-02-21,1753.1043526785713
2022-02-22,1709.16796875
2022-02-23,1739.578404017857
2022-02-24,1900.382533482143
2022-02-25,1887.7173549107142
2022-02-26,1899.3484933035713
2022-02-27,2025.6236049107142
2022-02-28,2393.3680245535716
2022-03-01,2369.4274553571427
2022-03-02,2406.7946428571427
2022-03-03,2279.882254464286
2022-03-04,2450.041573660714
2022-03-05,2456.004464285714
2022-03-06,2414.517578125
2022-03-07,2394.950613839286
2022-03-08,2357.5315290178573
2022-03-09,2488.888671875
2022-03-10,2393.3289620535716
2022-03-11,2408.705078125
2022-03-12,2353.9372209821427
2022-03-13,2280.454520089286
2022-03-14,1981.8490513392858
2022-03-15,1956.3777901785713
2022-03-16,2013.4048549107142
2022-03-17,1907.5359933035713
2022-03-18,1780.36328125
2022-03-19,1774.9765625
2022-03-20,1761.253627232143
2022-03-21,1662.4210379464287
2022-03-22,1721.661830357143
2022-03-23,1525.6919642857142
2022-03-24,1399.5424107142858
2022-03-25,1368.0396205357142
2022-03-26,1370.4439174107142
2022-03-27,1435.3758370535713
2022-03-28,1387.8663504464287
2022-03-29,1347.6830357142858
2022-03-30,1238.099609375
2022-03-31,1345.015625
2022-04-01,1367.855189732143
2022-04-02,1405.8468191964287
2022-04-03,1437.4871651785713
2022-04-04,1492.4090401785713
2022-04-05,1448.4737723214287
2022-04-06,1544.619419642857
2022-04-07,1512.8409598214287
2022-04-08,1543.306919642857
2022-04-09,1545.7240513392858
2022-04-10,1471.7896205357142
2022-04-11,1589.9966517857142
2022-04-12,1611.9542410714287
2022-04-13,1669.695033482143
2022-04-14,1643.5697544642858
2022-04-15,1539.1261160714287
2022-04-16,1489.8035714285713
2022-04-17,1437.693638392857
2022-04-18,1490.183314732143
2022-04-19,1453.96875
2022-04-20,1368.48046875
2022-04-21,1501.9776785714287
2022-04-22,1483.5926339285713
2022-04-23,1482.1707589285713
2022-04-24,1429.1146763392858
2022-04-25,1364.960658482143
2022-04-26,1479.2212611607142
2022-04-27,1456.599609375
2022-04-28,1426.0502232142858
2022-04-29,1490.396205357143
2022-04-30,1527.3973214285713
2022-05-01,1533.9857700892858
2022-05-02,1436.005859375
2022-05-03,1435.294921875
2022-05-04,1507.1297433035713
2022-05-05,1585.916294642857
2022-05-06,1563.051060267857
2022-05-07,1606.297154017857
2022-05-08,1678.5535714285713
2022-05-09,1805.1068638392858
2022-05-10,1792.4354073660713
2022-05-11,1966.891322544643
2022-05-12,2135.0274832589284
2022-05-13,2170.0802176339284
2022-05-14,2199.8390066964284
2022-05-15,2252.580496651786
2022-05-16,2333.6552734375
2022-05-17,2339.3561662946427
2022-05-18,2319.8957868303573
2022-05-19,2161.9694475446427
2022-05-20,2214.051199776786
2022-05-21,2169.220703125
2022-05-22,2135.413643973214
2022-05-23,1970.4068080357142
2022-05-24,1851.5682198660713
2022-05-25,1632.2716238839287
2022-05-26,1481.5791015625
2022-05-27,1401.426060267857
2022-05-28,1313.6004464285713
2022-05-29,1235.2188895089287
2022-05-30,1277.547572544643
2022-05-31,1266.0848214285713
2022-06-01,1305.8885323660713
2022-06-02,1250.9051339285713
2022-06-03,1207.046177455357
2022-06-04,1197.695033482143
2022-06-05,1154.310546875
2022-06-06,1167.458984375
2022-06-07,1252.4757254464287
2022-06-08,1290.793666294643
2022-06-09,1220.564453125
2022-06-10,1238.2310267857142
2022-06-11,1302.9002511160713
2022-06-12,1378.3950892857142
2022-06-13,1521.8431919642858
2022-06-14,1600.7306082589287
2022-06-15,1601.3447265625
2022-06-16,1719.3208705357142
2022-06-17,1694.9956752232142
2022-06-18,1880.485630580357
2022-06-19,2028.5838448660713
2022-06-20,1987.515904017857
2022-06-21,1918.056361607143
2022-06-22,1895.0838448660713
2022-06-23,1937.6981026785713
2022-06-24,1896.8226841517858
2022-06-25,1853.2958984375
2022-06-26,1783.8257533482142
2022-06-27,1512.6513671875
2022-06-28,1431.7569754464287
2022-06-29,1286.1905691964287
2022-06-30,1201.0340401785713
2022-07-01,1246.9033203125
2022-07-02,1055.2781808035713
2022-07-03,910.6102120535714
2022-07-04,908.5765904017857
2022-07-05,914.9100167410714
2022-07-06,899.5061383928571
2022-07-07,920.2253069196429
2022-07-08,946.0883091517857
2022-07-09,937.1492745535714
2022-07-10,944.1227678571429
2022-07-11,949.6955915178571
2022-07-12,935.3600725446429
2022-07-13,992.2696707589286
2022-07-14,970.0648716517857
2022-07-15,911.6563895089286
2022-07-16,958.1449497767857
2022-07-17,974.6551339285714
2022-07-18,1021.6556919642857
2022-07-19,1070.8929966517858
2022-07-20,1100.5252511160713
2022-07-21,1063.4867466517858
2022-07-22,1064.274135044643
2022-07-23,1103.068359375
2022-07-24,1088.9310825892858
2022-07-25,1114.0431082589287
2022-07-26,1103.3267299107142
2022-07-27,1152.7998046875
2022-07-28,1173.3404017857142
2022-07-29,1178.5096261160713
2022-07-30,1178.264369419643
2022-07-31,1179.94140625
2022-08-01,1088.5343191964287
2022-08-02,997.2057756696429
2022-08-03,971.7732979910714
2022-08-04,954.2829241071429
2022-08-05,935.8642578125
2022-08-06,892.3630022321429
2022-08-07,877.8837890625
2022-08-08,859.3352399553571
2022-08-09,883.0302734375
2022-08-10,843.0425502232143
2022-08-11,809.7159598214286
2022-08-12,805.55078125
2022-08-13,771.3981584821429
2022-08-14,765.8777901785714
2022-08-15,817.4366629464286
2022-08-16,802.4337332589286
2022-08-17,826.2116350446429
2022-08-18,802.9203404017857
2022-08-19,912.478515625
2022-08-20,921.6780133928571
2022-08-21,928.90625
2022-08-22,897.9875837053571
2022-08-23,881.8768136160714
2022-08-24,827.0322265625
2022-08-25,791.7152622767857
2022-08-26,852.4384765625
2022-08-27,847.8896484375
2022-08-28,830.2886439732143
2022-08-29,791.7788783482143
2022-08-30,822.4994419642857
2022-08-31,783.9620535714286
2022-09-01,795.2614397321429
2022-09-02,669.7141462053571
2022-09-03,658.6125837053571
2022-09-04,644.1286272321429
2022-09-05,627.2126116071429
2022-09-06,674.6435546875
2022-09-07,688.5460379464286
2022-09-08,682.36328125
2022-09-09,719.7219587053571
2022-09-10,729.8148716517857
2022-09-11,718.4839564732143
2022-09-12,724.0987723214286
2022-09-13,844.5378069196429
2022-09-14,848.0823102678571
2022-09-15,857.8687220982143
2022-09-16,849.5651506696429
2022-09-17,853.2289341517857
2022-09-18,880.1725725446429
2022-09-19,943.8189174107143
2022-09-20,903.3835100446429
2022-09-21,946.3557477678571
2022-09-22,996.4044363839286
2022-09-23,904.8809988839286
2022-09-24,894.6431361607143
2022-09-25,899.9757254464286
2022-09-26,879.8544921875
2022-09-27,794.9714006696429
2022-09-28,827.9172712053571
2022-09-29,826.7373046875
2022-09-30,853.4255022321429
2022-10-01,842.7201450892857
2022-10-02,818.4061104910714
2022-10-03,774.0599888392857
2022-10-04,778.8815569196429
2022-10-05,718.7123325892857
2022-10-06,680.6399274553571
2022-10-07,666.2237723214286
2022-10-08,655.7993861607143
2022-10-09,638.3005022321429
2022-10-10,628.2219587053571
2022-10-11,549.1912667410714
2022-10-12,480.50516183035717
2022-10-13,513.9761439732143
2022-10-14,508.94405691964283
2022-10-15,505.6025390625
2022-10-16,500.0511997767857
2022-10-17,488.20493861607144
2022-10-18,464.32784598214283
2022-10-19,441.38364955357144
2022-10-20,429.62904575892856
2022-10-21,416.8519810267857
2022-10-22,403.5336216517857
2022-10-23,427.04617745535717
2022-10-24,424.92564174107144
2022-10-25,479.96902901785717
2022-10-26,529.1530412946429
2022-10-27,490.9506138392857
2022-10-28,481.32017299107144
2022-10-29,497.65011160714283
2022-10-30,501.0482700892857
2022-10-31,504.2905970982143
2022-11-01,487.5205078125
2022-11-02,518.5881696428571
2022-11-03,515.1678292410714
2022-11-04,554.8197544642857
2022-11-05,571.4931640625
2022-11-06,564.5453404017857
2022-11-07,577.4362444196429
2022-11-08,718.4432198660714
2022-11-09,864.5681501116071
2022-11-10,980.3982979910714
2022-11-11,1013.8660714285714
2022-11-12,1013.3653738839286
2022-11-13,1029.8359375
2022-11-14,1081.8731863839287
2022-11-15,1097.7280970982142
2022-11-16,1088.764369419643
2022-11-17,1086.6143973214287
2022-11-18,1040.96484375
2022-11-19,1032.265904017857
2022-11-20,1037.47314453125
2022-11-21,1046.7239815848213
2022-11-22,870.6796177455357
2022-11-23,696.3884626116071
2022-11-24,557.0608258928571
2022-11-25,493.38936941964283
2022-11-26,481.65611049107144
2022-11-27,450.03111049107144
2022-11-28,392.3182896205357
2022-11-29,383.27894810267856
2022-11-30,398.69119698660717
2022-12-01,401.78787667410717
2022-12-02,389.52587890625
2022-12-03,389.55684988839283
2022-12-04,372.1455078125
2022-12-05,355.2123325892857
2022-12-06,323.4623325892857
2022-12-07,315.68575613839283
2022-12-08,330.64474051339283
2022-12-09,328.04833984375
2022-12-10,317.01318359375
2022-12-11,316.75844029017856
2022-12-12,308.52748325892856
2022-12-13,339.6318359375
2022-12-14,327.70772879464283
2022-12-15,343.06808035714283
2022-12-16,393.7855747767857
2022-12-17,390.83272879464283
2022-12-18,381.0640345982143
2022-12-19,377.75474330357144
2022-12-20,408.6958705357143
2022-12-21,394.5580357142857
2022-12-22,379.92466517857144
2022-12-23,374.9995814732143
2022-12-24,373.2162388392857
2022-12-25,369.7509765625
2022-12-26,355.07840401785717
2022-12-27,319.32491629464283
2022-12-28,297.29603794642856
2022-12-29,270.07589285714283
2022-12-30,221.08510044642858
2022-12-31,215.72126116071428
2023-01-01,215.1240234375
2023-01-02,199.24720982142858
2023-01-03,167.31570870535714
2023-01-04,177.02525111607142
2023-01-05,164.13044084821428
2023-01-06,175.90276227678572
2023-01-07,175.16350446428572
2023-01-08,179.57728794642858
2023-01-09,193.22433035714286
2023-01-10,193.50697544642858
2023-01-11,216.81333705357142
2023-01-12,284.8218470982143
2023-01-13,354.55078125
2023-01-14,429.96847098214283
2023-01-15,449.7939453125
2023-01-16,482.5092075892857
2023-01-17,505.51283482142856
2023-01-18,557.3796037946429
2023-01-19,584.8005022321429
2023-01-20,691.7760881696429
2023-01-21,742.4680524553571
2023-01-22,778.3063616071429
2023-01-23,790.6898716517857
2023-01-24,809.4425223214286
2023-01-25,860.8083147321429
2023-01-26,805.8450055803571
2023-01-27,773.8427734375
2023-01-28,708.8239397321429
2023-01-29,747.9709821428571
2023-01-30,782.7307477678571
2023-01-31,782.6826171875
2023-02-01,772.9563337053571
2023-02-02,788.7409319196429
2023-02-03,690.5207868303571
2023-02-04,654.4236886160714
2023-02-05,648.1983816964286
2023-02-06,644.9892578125
2023-02-07,642.8784877232143
2023-02-08,594.3669084821429
2023-02-09,658.4210379464286
2023-02-10,632.6114676339286
2023-02-11,633.7479073660714
2023-02-12,593.9868861607143
2023-02-13,544.4554966517857
2023-02-14,558.8335658482143
2023-02-15,654.4252232142857
2023-02-16,713.9236886160714
2023-02-17,790.0048828125
2023-02-18,794.6697823660714
2023-02-19,807.7938058035714
2023-02-20,855.3148716517857
2023-02-21,881.8699776785714
2023-02-22,895.5242745535714
2023-02-23,870.9319196428571
2023-02-24,920.5633370535714
2023-02-25,925.9698660714286
2023-02-26,939.6827566964286
2023-02-27,954.9460100446429
2023-02-28,944.0166015625
2023-03-01,841.6547154017857
2023-03-02,767.5492466517857
2023-03-03,753.4652622767857
2023-03-04,744.5891462053571
2023-03-05,711.8127790178571
2023-03-06,651.8434709821429
2023-03-07,622.5340401785714
2023-03-08,603.4500558035714
2023-03-09,654.4672154017857
2023-03-10,629.1607142857143
2023-03-11,655.9616350446429
2023-03-12,739.2529296875
2023-03-13,880.7262834821429
2023-03-14,1018.2833426339286
2023-03-15,1052.833286830357
2023-03-16,1086.483119419643
2023-03-17,1198.3783482142858
2023-03-18,1261.485072544643
2023-03-19,1349.0779854910713
2023-03-20,1422.7826450892858
2023-03-21,1457.3369140625
2023-03-22,1563.2293526785713
2023-03-23,1559.9486607142858
2023-03-24,1603.293666294643
2023-03-25,1594.1312779017858
2023-03-26,1522.4793526785713
2023-03-27,1436.6648995535713
2023-03-28,1318.7625558035713
2023-03-29,1324.775111607143
2023-03-30,1358.669921875
2023-03-31,1231.7798549107142
2023-04-01,1190.0365513392858
2023-04-02,1125.8956473214287
2023-04-03,1119.7569754464287
2023-04-04,1102.0799386160713
2023-04-05,1020.0895647321429
2023-04-06,941.0284598214286
2023-04-07,867.3420758928571
2023-04-08,844.5481305803571
2023-04-09,842.4946986607143
2023-04-10,853.27734375
2023-04-11,861.6261160714286
2023-04-12,817.1279296875
2023-04-13,761.5193917410714
2023-04-14,754.728515625
2023-04-15,744.0551060267857
2023-04-16,727.1146763392857
2023-04-17,716.0378069196429
2023-04-18,756.2532087053571
2023-04-19,816.6590401785714
2023-04-20,859.4817243303571
2023-04-21,920.5560825892857
2023-04-22,950.9914899553571
2023-04-23,930.67578125
2023-04-24,882.6000279017857
2023-04-25,901.4116908482143
2023-04-26,1039.5818917410713
2023-04-27,1097.2559988839287
2023-04-28,1074.546875
2023-04-29,1075.157924107143
2023-04-30,1106.608119419643
2023-05-01,1149.845005580357
2023-05-02,1124.2537667410713
2023-05-03,1077.110072544643
2023-05-04,1049.967494419643
2023-05-05,1025.0242745535713
2023-05-06,1071.3519810267858
2023-05-07,1092.5106026785713
2023-05-08,1124.2251674107142
2023-05-09,1072.986049107143
2023-05-10,984.9666573660714
2023-05-11,940.0705915178571
2023-05-12,978.2159598214286
2023-05-13,975.0157645089286
2023-05-14,950.1309988839286
2023-05-15,895.2101004464286
2023-05-16,856.8659319196429
2023-05-17,841.4829799107143
2023-05-18,869.5029296875
2023-05-19,841.2893415178571
2023-05-20,767.0551060267857
2023-05-21,755.8297991071429
2023-05-22,694.6057477678571
2023-05-23,706.9418247767857
2023-05-24,684.0941685267857
2023-05-25,674.1520647321429
2023-05-26,630.9737723214286
2023-05-27,627.2689732142857
2023-05-28,691.6315569196429
2023-05-29,690.7681361607143
2023-05-30,693.3324497767857
2023-05-31,700.4354073660714
2023-06-01,673.50390625
2023-06-02,694.990234375
2023-06-03,698.359375
2023-06-04,689.7735770089286
2023-06-05,774.6888950892857
2023-06-06,864.7209821428571
2023-06-07,869.4383370535714
2023-06-08,858.7186104910714
2023-06-09,848.5938895089286
2023-06-10,902.984375
2023-06-11,841.8240792410714
2023-06-12,809.2926897321429
2023-06-13,822.9875837053571
2023-06-14,835.4464285714286
2023-06-15,854.2861328125
2023-06-16,889.1861049107143
2023-06-17,906.0327845982143
2023-06-18,899.6928013392857
2023-06-19,827.3331473214286
2023-06-20,815.9920479910714
2023-06-21,906.6153738839286
2023-06-22,925.6146763392857
2023-06-23,1005.1396484375
2023-06-24,968.3391462053571
2023-06-25,981.1159319196429
2023-06-26,1000.2275390625
2023-06-27,1008.9525669642857
2023-06-28,983.3674665178571
2023-06-29,969.146484375
2023-06-30,1000.4873046875
2023-07-01,980.3102678571429
2023-07-02,991.1735491071429
2023-07-03,999.5535714285714
2023-07-04,924.2438616071429
2023-07-05,795.5150669642857
2023-07-06,849.1569475446429
2023-07-07,785.8023158482143
2023-07-08,770.1077008928571
2023-07-09,743.5841238839286
2023-07-10,769.3272879464286
2023-07-11,745.0472935267857
2023-07-12,741.4524274553571
2023-07-13,799.1036551339286
2023-07-14,796.1950334821429
2023-07-15,784.1875
2023-07-16,773.1710379464286
2023-07-17,763.2794363839286
2023-07-18,764.0927734375
2023-07-19,745.3924386160714
2023-07-20,673.2216796875
2023-07-21,648.5636160714286
2023-07-22,650.9362444196429
2023-07-23,668.5873325892857
2023-07-24,677.0452008928571
2023-07-25,667.0816127232143
2023-07-26,654.9753069196429
2023-07-27,577.5075334821429
2023-07-28,490.35044642857144
2023-07-29,489.5189732142857
2023-07-30,492.07449776785717
2023-07-31,471.1943359375
2023-08-01,495.58579799107144
2023-08-02,542.126953125
2023-08-03,532.0400390625
2023-08-04,539.5111607142857
2023-08-05,526.4521484375
2023-08-06,498.44321986607144
2023-08-07,452.8032924107143
2023-08-08,507.9644252232143
2023-08-09,519.0354352678571
2023-08-10,509.92843191964283
2023-08-11,500.54185267857144
2023-08-12,498.74525669642856
2023-08-13,483.8851841517857
2023-08-14,496.58900669642856
2023-08-15,448.8431919642857
2023-08-16,411.60811941964283
2023-08-17,620.2236328125
2023-08-18,671.8330078125
2023-08-19,693.4310825892857
2023-08-20,697.6724330357143
2023-08-21,687.2419084821429
2023-08-22,655.2273995535714
2023-08-23,674.1749441964286
2023-08-24,696.0226004464286
2023-08-25,710.0965401785714
2023-08-26,711.2380022321429
2023-08-27,712.9986049107143
2023-08-28,697.4150390625
2023-08-29,827.8751395089286
2023-08-30,840.0719866071429
2023-08-31,723.3800223214286
2023-09-01,696.5219029017857
2023-09-02,680.1040736607143
2023-09-03,681.0862165178571
2023-09-04,684.6852678571429
2023-09-05,659.9429408482143
2023-09-06,628.9969308035714
2023-09-07,640.5053013392857
2023-09-08,660.1648995535714
2023-09-09,659.3060825892857
2023-09-10,669.1342075892857
2023-09-11,714.5393415178571
2023-09-12,653.2645089285714
2023-09-13,646.4100167410714
2023-09-14,567.8402622767857
2023-09-15,556.1643415178571
2023-09-16,560.7134486607143
2023-09-17,553.7710658482143
2023-09-18,594.8224051339286
2023-09-19,633.3060825892857
2023-09-20,630.9323381696429
2023-09-21,628.2564174107143
2023-09-22,592.1149553571429
2023-09-23,592.2709263392857
2023-09-24,603.4951171875
2023-09-25,564.6657366071429
2023-09-26,491.83077566964283
2023-09-27,499.78696986607144
2023-09-28,523.2873883928571
2023-09-29,516.4571707589286
2023-09-30,510.88197544642856
2023-10-01,575.8263113839286
2023-10-02,586.3586774553571
2023-10-03,560.9323381696429
2023-10-04,565.4415457589286
2023-10-05,562.0573381696429
2023-10-06,619.66015625
2023-10-07,622.8031529017857
2023-10-08,613.2674386160714
2023-10-09,633.0438058035714
2023-10-10,641.2596261160714
2023-10-11,656.01953125
2023-10-12,615.3724888392857
2023-10-13,608.3868582589286
2023-10-14,604.9288504464286
2023-10-15,561.2953404017857
2023-10-16,644.9377790178571
2023-10-17,649.0361328125
2023-10-18,658.7650669642857
2023-10-19,658.6383928571429
2023-10-20,691.8835100446429
2023-10-21,738.1736886160714
2023-10-22,746.5746372767857
2023-10-23,1010.1198381696429
2023-10-24,1142.654017857143
2023-10-25,1179.19921875
2023-10-26,1229.7325613839287
2023-10-27,1259.371791294643
2023-10-28,1285.8126395089287
2023-10-29,1308.9854910714287
2023-10-30,1195.792271205357
2023-10-31,1204.8907645089287
2023-11-01,1250.7822265625
2023-11-02,1308.1953125
2023-11-03,1258.6678292410713
2023-11-04,1246.7827845982142
2023-11-05,1265.8525390625
2023-11-06,990.4327566964286
2023-11-07,924.4991629464286
2023-11-08,883.2112165178571
2023-11-09,973.4662388392857
2023-11-10,995.5892857142857
2023-11-11,1003.3635602678571
2023-11-12,978.5691964285714
2023-11-13,998.037109375
2023-11-14,1081.5304129464287
2023-11-15,1168.9500558035713
2023-11-16,1231.155970982143
2023-11-17,1230.7430245535713
2023-11-18,1228.359375
2023-11-19,1253.263671875
2023-11-20,1278.5226004464287
2023-11-21,1312.1459263392858
2023-11-22,1407.816685267857
2023-11-23,1292.523716517857
2023-11-24,1294.144252232143
2023-11-25,1268.543247767857
2023-11-26,1283.4701450892858
2023-11-27,1269.4497767857142
2023-11-28,1246.0597098214287
2023-11-29,1115.5145089285713
2023-11-30,988.4760044642857
2023-12-01,1025.7260044642858
2023-12-02,1055.7527901785713
2023-12-03,1037.373046875
2023-12-04,1145.8780691964287
2023-12-05,1229.462890625
2023-12-06,1129.5828683035713
2023-12-07,1161.146205357143
2023-12-08,1191.609375
2023-12-09,1224.3699776785713
2023-12-10,1208.9263392857142
2023-12-11,1406.3956473214287
2023-12-12,1399.4921875
2023-12-13,1542.308872767857
2023-12-14,1614.6771763392858
2023-12-15,1619.6847098214287
2023-12-16,1613.648158482143
2023-12-17,1631.3275669642858
2023-12-18,1616.8046875
2023-12-19,1512.55078125
2023-12-20,1602.8423549107142
2023-12-21,1584.890625
2023-12-22,1538.159877232143
2023-12-23,1533.208705357143
2023-12-24,1584.4419642857142
2023-12-25,1400.551060267857
2023-12-26,1440.2589285714287
2023-12-27,1351.8777901785713
2023-12-28,1342.0535714285713
2023-12-29,1363.8683035714287
2023-12-30,1370.015904017857
2023-12-31,1354.1395089285713
2024-01-01,1337.7410714285713
2024-01-02,1352.342075892857
2024-01-03,1540.7661830357142
2024-01-04,1625.3540736607142
2024-01-05,1671.2525111607142
2024-01-06,1677.5477120535713
2024-01-07,1654.314453125
2024-01-08,1866.785435267857
2024-01-09,1917.666294642857
2024-01-10,2035.415736607143
2024-01-11,2164.3083147321427
2024-01-12,2371.0301339285716
2024-01-13,2352.6456473214284
2024-01-14,2386.809988839286
2024-01-15,2362.084542410714
2024-01-16,2344.077566964286
2024-01-17,2080.5686383928573
2024-01-18,2091.3063616071427
2024-01-19,2110.458984375
2024-01-20,2087.501395089286
2024-01-21,2053.57421875
2024-01-22,1926.943638392857
2024-01-23,1852.405970982143
2024-01-24,1696.04296875
2024-01-25,1511.620814732143
2024-01-26,1353.7156808035713
2024-01-27,1353.275390625
2024-01-28,1336.0811941964287
2024-01-29,1327.0262276785713
2024-01-30,1301.8331473214287
2024-01-31,1331.681640625
2024-02-01,1268.7388392857142
2024-02-02,1197.413783482143
2024-02-03,1200.132533482143
2024-02-04,1226.1648995535713
2024-02-05,1156.7608816964287
2024-02-06,1100.308872767857
2024-02-07,1142.5234375
2024-02-08,1181.7234933035713
2024-02-09,1218.007533482143
2024-02-10,1252.043247767857
2024-02-11,1239.062220982143
2024-02-12,1313.8607700892858
2024-02-13,1372.7407924107142
2024-02-14,1466.0320870535713
2024-02-15,1472.0650111607142
2024-02-16,1476.239955357143
2024-02-17,1551.4623325892858
2024-02-18,1580.0655691964287
2024-02-19,1547.3563058035713
2024-02-20,1642.8998325892858
2024-02-21,1652.26171875
2024-02-22,1639.8119419642858
2024-02-23,1500.1322544642858
2024-02-24,1489.982142857143
2024-02-25,1470.3624441964287
2024-02-26,1575.5359933035713
2024-02-27,1654.232142857143
2024-02-28,1972.101283482143
2024-02-29,2089.135323660714
2024-03-01,2193.133370535714
2024-03-02,2141.645089285714
2024-03-03,2189.640066964286
2024-03-04,2573.854910714286
2024-03-05,3123.4246651785716
2024-03-06,3344.2960379464284
2024-03-07,3436.5153459821427
2024-03-08,3644.8328683035716
2024-03-09,3610.631417410714
2024-03-10,3690.7293526785716
2024-03-11,3808.4924665178573
2024-03-12,3883.0041852678573
2024-03-13,3535.0524553571427
2024-03-14,3685.061941964286
2024-03-15,3997.4807477678573
2024-03-16,4314.871372767857
2024-03-17,4493.815290178572
2024-03-18,4218.986328125
2024-03-19,3984.988839285714
2024-03-20,4164.861328125
2024-03-21,4253.767299107143
2024-03-22,4283.465680803572
2024-03-23,4449.035435267857
2024-03-24,4594.155412946428
2024-03-25,4529.293247767857
2024-03-26,4393.816685267857
2024-03-27,4468.272042410715
2024-03-28,4287.091238839285
2024-03-29,3937.8055245535716
2024-03-30,3617.059151785714
2024-03-31,3435.095703125
2024-04-01,3501.416573660714
2024-04-02,3397.919363839286
2024-04-03,3044.1300223214284
2024-04-04,3084.0147879464284
2024-04-05,2973.0078125
2024-04-06,2915.86328125
2024-04-07,2746.9983258928573
2024-04-08,2668.6668526785716
2024-04-09,2763.6277901785716
2024-04-10,2781.0641741071427
2024-04-11,2712.0574776785716
2024-04-12,3007.1623883928573
2024-04-13,3454.154854910714
2024-04-14,3587.416573660714
2024-04-15,3681.357979910714
2024-04-16,3504.0348772321427
2024-04-17,3672.8459821428573
2024-04-18,3609.6135602678573
2024-04-19,3832.1796875
2024-04-20,3841.620535714286
2024-04-21,3842.529296875
2024-04-22,3773.576729910714
2024-04-23,3616.775948660714
2024-04-24,3609.320870535714
2024-04-25,3666.974609375
2024-04-26,3345.4997209821427
2024-04-27,2949.8797433035716
2024-04-28,2800.5446428571427
2024-04-29,2645.7477678571427
2024-04-30,2856.0334821428573
2024-05-01,2820.8498883928573
2024-05-02,2776.056082589286
2024-05-03,2679.0549665178573
2024-05-04,2652.30859375
2024-05-05,2667.3133370535716
2024-05-06,2671.8049665178573
2024-05-07,2726.8122209821427
2024-05-08,2628.4880022321427
2024-05-09,2647.435546875
2024-05-10,2773.9143415178573
2024-05-11,2737.1202566964284
2024-05-12,2712.66796875
2024-05-13,2732.1964285714284
2024-05-14,2473.988839285714
2024-05-15,2538.19140625
2024-05-16,2497.7829241071427
2024-05-17,2345.4938616071427
2024-05-18,2261.795479910714
2024-05-19,2269.0477120535716
2024-05-20,2458.2424665178573
2024-05-21,2504.732421875
2024-05-22,2471.6640625
2024-05-23,2537.912667410714
2024-05-24,2492.174386160714
2024-05-25,2499.672433035714
2024-05-26,2509.4425223214284
2024-05-27,2488.9112723214284
2024-05-28,2511.7059151785716
2024-05-29,2270.772042410714
2024-05-30,2290.9924665178573
2024-05-31,2292.8493303571427
2024-06-01,2273.5452008928573
2024-06-02,2226.1540178571427
2024-06-03,2029.267857142857
2024-06-04,2009.798549107143
2024-06-05,1988.27734375
2024-06-06,1832.7265625
2024-06-07,1890.0814732142858
2024-06-08,1837.158482142857
2024-06-09,1789.611607142857
2024-06-10,1685.916294642857
2024-06-11,1767.2254464285713
2024-06-12,1861.830357142857
2024-06-13,1838.884486607143
2024-06-14,1829.7140066964287
2024-06-15,1835.202845982143
2024-06-16,1819.699497767857
2024-06-17,1780.5831473214287
2024-06-18,1781.081752232143
2024-06-19,1756.6065848214287
2024-06-20,1784.0711495535713
2024-06-21,1657.50390625
2024-06-22,1673.4419642857142
2024-06-23,1720.1724330357142
2024-06-24,1989.970982142857
2024-06-25,1889.449497767857
2024-06-26,1793.986049107143
2024-06-27,1768.7940848214287
2024-06-28,1761.861328125
2024-06-29,1780.878627232143
2024-06-30,1879.6847098214287
2024-07-01,1821.7103794642858
2024-07-02,1747.486607142857
2024-07-03,1873.6484375
2024-07-04,1997.2739955357142
2024-07-05,2150.92578125
2024-07-06,2285.773995535714
2024-07-07,2376.266183035714
2024-07-08,2313.372488839286
2024-07-09,2306.5016741071427
2024-07-10,2338.078125
2024-07-11,2371.686941964286
2024-07-12,2357.521484375
2024-07-13,2442.8058035714284
2024-07-14,2431.69140625
2024-07-15,2637.65625
2024-07-16,2738.781808035714
2024-07-17,2696.091238839286
2024-07-18,2570.1358816964284
2024-07-19,2593.9587053571427
2024-07-20,2513.7823660714284
2024-07-21,2510.4118303571427
2024-07-22,2371.7296316964284
2024-07-23,2398.317801339286
2024-07-24,2383.029854910714
2024-07-25,2415.879464285714
2024-07-26,2453.126395089286
2024-07-27,2503.315848214286
2024-07-28,2439.869140625
2024-07-29,2389.1350446428573
2024-07-30,2303.285714285714
2024-07-31,2310.965401785714
2024-08-01,2417.094308035714
2024-08-02,2433.16796875
2024-08-03,2504.6484375
2024-08-04,2599.0465959821427
2024-08-05,3118.9626116071427
2024-08-06,3175.540457589286
2024-08-07,3256.925223214286
2024-08-08,3633.217354910714
2024-08-09,3611.80078125
2024-08-10,3503.4905133928573
2024-08-11,3661.6199776785716
2024-08-12,3628.5119977678573
2024-08-13,3728.630859375
2024-08-14,3795.5393415178573
2024-08-15,3819.3074776785716
2024-08-16,3704.951171875
2024-08-17,3602.6648995535716
2024-08-18,3457.3172433035716
2024-08-19,2928.771484375
2024-08-20,2907.257254464286
2024-08-21,2900.438058035714
2024-08-22,2449.4249441964284
2024-08-23,2621.6397879464284
2024-08-24,2601.4202008928573
2024-08-25,2439.4963727678573
2024-08-26,2342.976004464286
2024-08-27,2487.826171875
2024-08-28,2425.7469308035716
2024-08-29,2334.375558035714
2024-08-30,2290.8766741071427
2024-08-31,2275.4461495535716
2024-09-01,2277.369698660714
2024-09-02,2314.447823660714
2024-09-03,2286.193917410714
2024-09-04,2273.872488839286
2024-09-05,2344.963448660714
2024-09-06,2330.849051339286
2024-09-07,2345.434988839286
2024-09-08,2380.0206473214284
2024-09-09,2508.7737165178573
2024-09-10,2259.9534040178573
2024-09-11,2265.539620535714
2024-09-12,2180.282645089286
2024-09-13,2242.3936941964284
2024-09-14,2276.3244977678573
2024-09-15,2264.9933035714284
2024-09-16,2224.7882254464284
2024-09-17,2317.51171875
2024-09-18,2289.469308035714
2024-09-19,2266.215401785714
2024-09-20,2078.895089285714
2024-09-21,2054.765066964286
2024-09-22,2048.0217633928573
2024-09-23,1952.5066964285713
2024-09-24,1977.3091517857142
2024-09-25,1936.962611607143
2024-09-26,2073.9104352678573
2024-09-27,1976.0385044642858
2024-09-28,1951.6568080357142
2024-09-29,1875.493861607143
2024-09-30,1951.0306919642858
2024-10-01,1967.722377232143
2024-10-02,1961.6456473214287
2024-10-03,1913.621372767857
2024-10-04,1931.558872767857
2024-10-05,1925.929408482143
2024-10-06,1895.4813058035713
2024-10-07,1908.743861607143
2024-10-08,1863.9542410714287
2024-10-09,1887.8895089285713
2024-10-10,1832.1743861607142
2024-10-11,1955.5345982142858
2024-10-12,1970.3931361607142
2024-10-13,2014.513671875
2024-10-14,2105.8459821428573
2024-10-15,2045.1875
2024-10-16,1992.0320870535713
2024-10-17,1968.7882254464287
2024-10-18,1953.493861607143
2024-10-19,1950.7742745535713
2024-10-20,1959.836216517857
2024-10-21,1984.2452566964287
2024-10-22,1976.3501674107142
2024-10-23,1977.8133370535713
2024-10-24,1979.616908482143
2024-10-25,1968.589564732143
2024-10-26,1965.1476004464287
2024-10-27,1974.9383370535713
2024-10-28,1877.56640625
2024-10-29,1932.91015625
2024-10-30,1924.1244419642858
2024-10-31,2053.1953125
2024-11-01,2123.72265625
2024-11-02,2137.313058035714
2024-11-03,2182.016183035714
2024-11-04,2181.776785714286
2024-11-05,2313.4704241071427
2024-11-06,2665.143136160714
2024-11-07,2671.9952566964284
2024-11-08,2557.9698660714284
2024-11-09,2572.3733258928573
2024-11-10,2824.866629464286
2024-11-11,3299.4464285714284
2024-11-12,3367.6233258928573
2024-11-13,3773.61328125
2024-11-14,3917.227120535714
2024-11-15,4057.55078125
2024-11-16,4117.271205357143
2024-11-17,4175.288504464285
2024-11-18,4216.264508928572
2024-11-19,4252.833147321428
2024-11-20,3977.433035714286
2024-11-21,4150.213169642857
2024-11-22,4209.415178571428
2024-11-23,4253.901785714285
2024-11-24,4107.481026785715
2024-11-25,3891.1143973214284
2024-11-26,3849.6261160714284
2024-11-27,3735.7042410714284
2024-11-28,3513.593191964286
2024-11-29,3409.410714285714
2024-11-30,3386.9397321428573
2024-12-01,3345.979910714286
2024-12-02,3379.304129464286
2024-12-03,3314.4296875
2024-12-04,3404.7354910714284
2024-12-05,3906.1690848214284
2024-12-06,4127.038504464285
2024-12-07,4109.232142857143
2024-12-08,4092.7589285714284
2024-12-09,4137.364397321428
2024-12-10,4117.933035714285
2024-12-11,4159.619977678572
2024-12-12,4246.19921875
2024-12-13,4201.215959821428
2024-12-14,4246.194754464285
2024-12-15,4367.806919642857
2024-12-16,4424.082589285715
2024-12-17,4446.159040178572
2024-12-18,4580.606584821428
2024-12-19,4241.948102678572
2024-12-20,4270.428571428572
2024-12-21,4381.005580357143
2024-12-22,4418.834263392857
2024-12-23,4211.440290178572
2024-12-24,4354.808035714285
2024-12-25,4049.0329241071427
2024-12-26,4160.584821428572
2024-12-27,4255.483258928572
2024-12-28,4221.681919642857
2024-12-29,4112.580357142857
2024-12-30,4050.3370535714284
2024-12-31,4136.041294642857
