Date,Donchian_20_high
2018-01-20,17712.400390625
2018-01-21,17712.400390625
2018-01-22,17712.400390625
2018-01-23,17712.400390625
2018-01-24,17712.400390625
2018-01-25,17712.400390625
2018-01-26,17579.599609375
2018-01-27,16537.900390625
2018-01-28,15497.5
2018-01-29,15018.7998046875
2018-01-30,15018.7998046875
2018-01-31,14659.5
2018-02-01,14659.5
2018-02-02,14511.7998046875
2018-02-03,14445.5
2018-02-04,13843.099609375
2018-02-05,13103.0
2018-02-06,13103.0
2018-02-07,13103.0
2018-02-08,13103.0
2018-02-09,12895.900390625
2018-02-10,12040.2998046875
2018-02-11,12040.2998046875
2018-02-12,12040.2998046875
2018-02-13,12040.2998046875
2018-02-14,12040.2998046875
2018-02-15,12040.2998046875
2018-02-16,12040.2998046875
2018-02-17,11875.599609375
2018-02-18,11349.7998046875
2018-02-19,11349.7998046875
2018-02-20,11958.5
2018-02-21,11958.5
2018-02-22,11958.5
2018-02-23,11958.5
2018-02-24,11958.5
2018-02-25,11958.5
2018-02-26,11958.5
2018-02-27,11958.5
2018-02-28,11958.5
2018-03-01,11958.5
2018-03-02,11958.5
2018-03-03,11958.5
2018-03-04,11958.5
2018-03-05,11958.5
2018-03-06,11958.5
2018-03-07,11958.5
2018-03-08,11958.5
2018-03-09,11958.5
2018-03-10,11958.5
2018-03-11,11958.5
2018-03-12,11704.099609375
2018-03-13,11704.099609375
2018-03-14,11704.099609375
2018-03-15,11704.099609375
2018-03-16,11704.099609375
2018-03-17,11704.099609375
2018-03-18,11704.099609375
2018-03-19,11704.099609375
2018-03-20,11704.099609375
2018-03-21,11704.099609375
2018-03-22,11704.099609375
2018-03-23,11704.099609375
2018-03-24,11704.099609375
2018-03-25,11500.099609375
2018-03-26,10929.5
2018-03-27,10147.400390625
2018-03-28,9937.5
2018-03-29,9937.5
2018-03-30,9937.5
2018-03-31,9937.5
2018-04-01,9470.3798828125
2018-04-02,9355.849609375
2018-04-03,9177.3701171875
2018-04-04,9177.3701171875
2018-04-05,9177.3701171875
2018-04-06,9177.3701171875
2018-04-07,9177.3701171875
2018-04-08,9177.3701171875
2018-04-09,9177.3701171875
2018-04-10,9100.7099609375
2018-04-11,8996.1796875
2018-04-12,8996.1796875
2018-04-13,8682.009765625
2018-04-14,8530.080078125
2018-04-15,8338.419921875
2018-04-16,8371.150390625
2018-04-17,8371.150390625
2018-04-18,8371.150390625
2018-04-19,8371.150390625
2018-04-20,8880.23046875
2018-04-21,8997.5703125
2018-04-22,9001.6396484375
2018-04-23,9001.6396484375
2018-04-24,9732.6103515625
2018-04-25,9745.3203125
2018-04-26,9745.3203125
2018-04-27,9745.3203125
2018-04-28,9745.3203125
2018-04-29,9745.3203125
2018-04-30,9745.3203125
2018-05-01,9745.3203125
2018-05-02,9745.3203125
2018-05-03,9798.330078125
2018-05-04,9798.330078125
2018-05-05,9964.5
2018-05-06,9964.5
2018-05-07,9964.5
2018-05-08,9964.5
2018-05-09,9964.5
2018-05-10,9964.5
2018-05-11,9964.5
2018-05-12,9964.5
2018-05-13,9964.5
2018-05-14,9964.5
2018-05-15,9964.5
2018-05-16,9964.5
2018-05-17,9964.5
2018-05-18,9964.5
2018-05-19,9964.5
2018-05-20,9964.5
2018-05-21,9964.5
2018-05-22,9964.5
2018-05-23,9964.5
2018-05-24,9964.5
2018-05-25,9940.1396484375
2018-05-26,9665.849609375
2018-05-27,9462.75
2018-05-28,9396.0400390625
2018-05-29,9396.0400390625
2018-05-30,9052.9599609375
2018-05-31,8881.1201171875
2018-06-01,8881.1201171875
2018-06-02,8881.1201171875
2018-06-03,8836.1904296875
2018-06-04,8562.41015625
2018-06-05,8562.41015625
2018-06-06,8562.41015625
2018-06-07,8562.41015625
2018-06-08,8562.41015625
2018-06-09,8557.51953125
2018-06-10,8423.25
2018-06-11,8054.66015625
2018-06-12,7754.89013671875
2018-06-13,7754.89013671875
2018-06-14,7754.89013671875
2018-06-15,7754.89013671875
2018-06-16,7754.89013671875
2018-06-17,7754.89013671875
2018-06-18,7754.89013671875
2018-06-19,7754.89013671875
2018-06-20,7754.89013671875
2018-06-21,7754.89013671875
2018-06-22,7754.89013671875
2018-06-23,7753.81982421875
2018-06-24,7741.27001953125
2018-06-25,7741.27001953125
2018-06-26,7741.27001953125
2018-06-27,7698.18994140625
2018-06-28,7683.580078125
2018-06-29,7499.5498046875
2018-06-30,6910.18017578125
2018-07-01,6907.9599609375
2018-07-02,6822.5
2018-07-03,6822.5
2018-07-04,6822.5
2018-07-05,6822.5
2018-07-06,6822.5
2018-07-07,6863.990234375
2018-07-08,6885.91015625
2018-07-09,6885.91015625
2018-07-10,6885.91015625
2018-07-11,6885.91015625
2018-07-12,6885.91015625
2018-07-13,6885.91015625
2018-07-14,6885.91015625
2018-07-15,6885.91015625
2018-07-16,6885.91015625
2018-07-17,7387.240234375
2018-07-18,7534.990234375
2018-07-19,7534.990234375
2018-07-20,7594.669921875
2018-07-21,7594.669921875
2018-07-22,7594.669921875
2018-07-23,7771.5
2018-07-24,8424.26953125
2018-07-25,8424.26953125
2018-07-26,8424.26953125
2018-07-27,8424.26953125
2018-07-28,8424.26953125
2018-07-29,8424.26953125
2018-07-30,8424.26953125
2018-07-31,8424.26953125
2018-08-01,8424.26953125
2018-08-02,8424.26953125
2018-08-03,8424.26953125
2018-08-04,8424.26953125
2018-08-05,8424.26953125
2018-08-06,8424.26953125
2018-08-07,8424.26953125
2018-08-08,8424.26953125
2018-08-09,8424.26953125
2018-08-10,8424.26953125
2018-08-11,8424.26953125
2018-08-12,8424.26953125
2018-08-13,8416.8701171875
2018-08-14,8290.330078125
2018-08-15,8272.259765625
2018-08-16,8272.259765625
2018-08-17,8272.259765625
2018-08-18,8235.5
2018-08-19,8181.52978515625
2018-08-20,7769.0400390625
2018-08-21,7712.77001953125
2018-08-22,7562.14013671875
2018-08-23,7497.490234375
2018-08-24,7166.5498046875
2018-08-25,7166.5498046875
2018-08-26,7146.56005859375
2018-08-27,6884.64013671875
2018-08-28,7109.56005859375
2018-08-29,7113.2998046875
2018-08-30,7113.2998046875
2018-08-31,7113.2998046875
2018-09-01,7242.2900390625
2018-09-02,7306.31005859375
2018-09-03,7317.93994140625
2018-09-04,7388.259765625
2018-09-05,7388.43017578125
2018-09-06,7388.43017578125
2018-09-07,7388.43017578125
2018-09-08,7388.43017578125
2018-09-09,7388.43017578125
2018-09-10,7388.43017578125
2018-09-11,7388.43017578125
2018-09-12,7388.43017578125
2018-09-13,7388.43017578125
2018-09-14,7388.43017578125
2018-09-15,7388.43017578125
2018-09-16,7388.43017578125
2018-09-17,7388.43017578125
2018-09-18,7388.43017578125
2018-09-19,7388.43017578125
2018-09-20,7388.43017578125
2018-09-21,7388.43017578125
2018-09-22,7388.43017578125
2018-09-23,7388.43017578125
2018-09-24,7388.43017578125
2018-09-25,6814.56005859375
2018-09-26,6814.56005859375
2018-09-27,6814.56005859375
2018-09-28,6814.56005859375
2018-09-29,6814.56005859375
2018-09-30,6814.56005859375
2018-10-01,6814.56005859375
2018-10-02,6814.56005859375
2018-10-03,6814.56005859375
2018-10-04,6814.56005859375
2018-10-05,6814.56005859375
2018-10-06,6814.56005859375
2018-10-07,6814.56005859375
2018-10-08,6814.56005859375
2018-10-09,6814.56005859375
2018-10-10,6814.56005859375
2018-10-11,6814.56005859375
2018-10-12,6785.02978515625
2018-10-13,6785.02978515625
2018-10-14,6785.02978515625
2018-10-15,6965.06005859375
2018-10-16,6965.06005859375
2018-10-17,6965.06005859375
2018-10-18,6965.06005859375
2018-10-19,6965.06005859375
2018-10-20,6965.06005859375
2018-10-21,6965.06005859375
2018-10-22,6965.06005859375
2018-10-23,6965.06005859375
2018-10-24,6965.06005859375
2018-10-25,6965.06005859375
2018-10-26,6965.06005859375
2018-10-27,6965.06005859375
2018-10-28,6965.06005859375
2018-10-29,6965.06005859375
2018-10-30,6965.06005859375
2018-10-31,6965.06005859375
2018-11-01,6965.06005859375
2018-11-02,6965.06005859375
2018-11-03,6965.06005859375
2018-11-04,6673.58984375
2018-11-05,6601.2099609375
2018-11-06,6567.5400390625
2018-11-07,6556.3798828125
2018-11-08,6556.3798828125
2018-11-09,6556.3798828125
2018-11-10,6552.16015625
2018-11-11,6552.16015625
2018-11-12,6552.16015625
2018-11-13,6552.16015625
2018-11-14,6552.16015625
2018-11-15,6552.16015625
2018-11-16,6552.16015625
2018-11-17,6552.16015625
2018-11-18,6552.16015625
2018-11-19,6552.16015625
2018-11-20,6552.16015625
2018-11-21,6552.16015625
2018-11-22,6552.16015625
2018-11-23,6552.16015625
2018-11-24,6552.16015625
2018-11-25,6552.16015625
2018-11-26,6552.16015625
2018-11-27,6536.919921875
2018-11-28,6456.4599609375
2018-11-29,6437.27978515625
2018-11-30,6434.2099609375
2018-12-01,6434.2099609375
2018-12-02,6395.27001953125
2018-12-03,6371.5498046875
2018-12-04,5774.81982421875
2018-12-05,5657.02001953125
2018-12-06,5653.60986328125
2018-12-07,5653.60986328125
2018-12-08,5620.77978515625
2018-12-09,4951.60986328125
2018-12-10,4675.72998046875
2018-12-11,4629.64013671875
2018-12-12,4413.08984375
2018-12-13,4413.08984375
2018-12-14,4413.0205078125
2018-12-15,4413.0205078125
2018-12-16,4413.0205078125
2018-12-17,4413.0205078125
2018-12-18,4413.0205078125
2018-12-19,4322.9765625
2018-12-20,4309.37744140625
2018-12-21,4301.51953125
2018-12-22,4198.4296875
2018-12-23,4198.4296875
2018-12-24,4271.79248046875
2018-12-25,4271.79248046875
2018-12-26,4271.79248046875
2018-12-27,4271.79248046875
2018-12-28,4271.79248046875
2018-12-29,4271.79248046875
2018-12-30,4271.79248046875
2018-12-31,4271.79248046875
2019-01-01,4271.79248046875
2019-01-02,4271.79248046875
2019-01-03,4271.79248046875
2019-01-04,4271.79248046875
2019-01-05,4271.79248046875
2019-01-06,4271.79248046875
2019-01-07,4271.79248046875
2019-01-08,4271.79248046875
2019-01-09,4271.79248046875
2019-01-10,4271.79248046875
2019-01-11,4271.79248046875
2019-01-12,4271.79248046875
2019-01-13,4109.02099609375
2019-01-14,4109.02099609375
2019-01-15,4109.02099609375
2019-01-16,4109.02099609375
2019-01-17,4109.02099609375
2019-01-18,4109.02099609375
2019-01-19,4109.02099609375
2019-01-20,4109.02099609375
2019-01-21,4109.02099609375
2019-01-22,4109.02099609375
2019-01-23,4109.02099609375
2019-01-24,4109.02099609375
2019-01-25,4109.02099609375
2019-01-26,4109.02099609375
2019-01-27,4109.02099609375
2019-01-28,4068.403564453125
2019-01-29,4064.066650390625
2019-01-30,3758.533447265625
2019-01-31,3758.533447265625
2019-02-01,3758.533447265625
2019-02-02,3758.533447265625
2019-02-03,3758.533447265625
2019-02-04,3758.533447265625
2019-02-05,3758.533447265625
2019-02-06,3758.533447265625
2019-02-07,3758.533447265625
2019-02-08,3743.387939453125
2019-02-09,3695.614013671875
2019-02-10,3695.614013671875
2019-02-11,3695.614013671875
2019-02-12,3695.614013671875
2019-02-13,3695.614013671875
2019-02-14,3695.614013671875
2019-02-15,3695.614013671875
2019-02-16,3695.614013671875
2019-02-17,3695.614013671875
2019-02-18,3936.6650390625
2019-02-19,4010.87939453125
2019-02-20,4010.87939453125
2019-02-21,4010.87939453125
2019-02-22,4010.87939453125
2019-02-23,4166.2861328125
2019-02-24,4210.6416015625
2019-02-25,4210.6416015625
2019-02-26,4210.6416015625
2019-02-27,4210.6416015625
2019-02-28,4210.6416015625
2019-03-01,4210.6416015625
2019-03-02,4210.6416015625
2019-03-03,4210.6416015625
2019-03-04,4210.6416015625
2019-03-05,4210.6416015625
2019-03-06,4210.6416015625
2019-03-07,4210.6416015625
2019-03-08,4210.6416015625
2019-03-09,4210.6416015625
2019-03-10,4210.6416015625
2019-03-11,4210.6416015625
2019-03-12,4210.6416015625
2019-03-13,4210.6416015625
2019-03-14,4210.6416015625
2019-03-15,4210.6416015625
2019-03-16,4077.036376953125
2019-03-17,4077.036376953125
2019-03-18,4077.036376953125
2019-03-19,4082.216064453125
2019-03-20,4089.4619140625
2019-03-21,4097.35986328125
2019-03-22,4097.35986328125
2019-03-23,4097.35986328125
2019-03-24,4097.35986328125
2019-03-25,4097.35986328125
2019-03-26,4097.35986328125
2019-03-27,4097.35986328125
2019-03-28,4097.35986328125
2019-03-29,4113.5009765625
2019-03-30,4296.806640625
2019-03-31,4296.806640625
2019-04-01,4296.806640625
2019-04-02,4905.95458984375
2019-04-03,5307.00341796875
2019-04-04,5307.00341796875
2019-04-05,5307.00341796875
2019-04-06,5307.00341796875
2019-04-07,5307.00341796875
2019-04-08,5318.83642578125
2019-04-09,5318.83642578125
2019-04-10,5421.6513671875
2019-04-11,5421.6513671875
2019-04-12,5421.6513671875
2019-04-13,5421.6513671875
2019-04-14,5421.6513671875
2019-04-15,5421.6513671875
2019-04-16,5421.6513671875
2019-04-17,5421.6513671875
2019-04-18,5421.6513671875
2019-04-19,5421.6513671875
2019-04-20,5421.6513671875
2019-04-21,5421.6513671875
2019-04-22,5422.6875
2019-04-23,5633.80224609375
2019-04-24,5642.04443359375
2019-04-25,5642.04443359375
2019-04-26,5642.04443359375
2019-04-27,5642.04443359375
2019-04-28,5642.04443359375
2019-04-29,5642.04443359375
2019-04-30,5642.04443359375
2019-05-01,5642.04443359375
2019-05-02,5642.04443359375
2019-05-03,5865.8818359375
2019-05-04,5886.8935546875
2019-05-05,5886.8935546875
2019-05-06,5886.8935546875
2019-05-07,5988.17822265625
2019-05-08,5989.98095703125
2019-05-09,6183.0390625
2019-05-10,6434.61767578125
2019-05-11,7333.0029296875
2019-05-12,7503.8720703125
2019-05-13,8047.4130859375
2019-05-14,8268.712890625
2019-05-15,8268.712890625
2019-05-16,8320.82421875
2019-05-17,8320.82421875
2019-05-18,8320.82421875
2019-05-19,8320.82421875
2019-05-20,8320.82421875
2019-05-21,8320.82421875
2019-05-22,8320.82421875
2019-05-23,8320.82421875
2019-05-24,8320.82421875
2019-05-25,8320.82421875
2019-05-26,8687.5205078125
2019-05-27,8907.1748046875
2019-05-28,8907.1748046875
2019-05-29,8907.1748046875
2019-05-30,9008.314453125
2019-05-31,9008.314453125
2019-06-01,9008.314453125
2019-06-02,9008.314453125
2019-06-03,9008.314453125
2019-06-04,9008.314453125
2019-06-05,9008.314453125
2019-06-06,9008.314453125
2019-06-07,9008.314453125
2019-06-08,9008.314453125
2019-06-09,9008.314453125
2019-06-10,9008.314453125
2019-06-11,9008.314453125
2019-06-12,9008.314453125
2019-06-13,9008.314453125
2019-06-14,9008.314453125
2019-06-15,9008.314453125
2019-06-16,9335.8671875
2019-06-17,9416.4072265625
2019-06-18,9416.4072265625
2019-06-19,9416.4072265625
2019-06-20,9594.419921875
2019-06-21,10144.556640625
2019-06-22,11157.345703125
2019-06-23,11246.14453125
2019-06-24,11246.14453125
2019-06-25,11790.9169921875
2019-06-26,13796.4892578125
2019-06-27,13796.4892578125
2019-06-28,13796.4892578125
2019-06-29,13796.4892578125
2019-06-30,13796.4892578125
2019-07-01,13796.4892578125
2019-07-02,13796.4892578125
2019-07-03,13796.4892578125
2019-07-04,13796.4892578125
2019-07-05,13796.4892578125
2019-07-06,13796.4892578125
2019-07-07,13796.4892578125
2019-07-08,13796.4892578125
2019-07-09,13796.4892578125
2019-07-10,13796.4892578125
2019-07-11,13796.4892578125
2019-07-12,13796.4892578125
2019-07-13,13796.4892578125
2019-07-14,13796.4892578125
2019-07-15,13796.4892578125
2019-07-16,13311.14453125
2019-07-17,13129.529296875
2019-07-18,13129.529296875
2019-07-19,13129.529296875
2019-07-20,13129.529296875
2019-07-21,13129.529296875
2019-07-22,13129.529296875
2019-07-23,13129.529296875
2019-07-24,13129.529296875
2019-07-25,13129.529296875
2019-07-26,13129.529296875
2019-07-27,13129.529296875
2019-07-28,13129.529296875
2019-07-29,13129.529296875
2019-07-30,12144.623046875
2019-07-31,11905.4873046875
2019-08-01,11841.95703125
2019-08-02,11451.2041015625
2019-08-03,11052.7666015625
2019-08-04,11048.662109375
2019-08-05,11895.091796875
2019-08-06,12273.8212890625
2019-08-07,12273.8212890625
2019-08-08,12273.8212890625
2019-08-09,12273.8212890625
2019-08-10,12273.8212890625
2019-08-11,12273.8212890625
2019-08-12,12273.8212890625
2019-08-13,12273.8212890625
2019-08-14,12273.8212890625
2019-08-15,12273.8212890625
2019-08-16,12273.8212890625
2019-08-17,12273.8212890625
2019-08-18,12273.8212890625
2019-08-19,12273.8212890625
2019-08-20,12273.8212890625
2019-08-21,12273.8212890625
2019-08-22,12273.8212890625
2019-08-23,12273.8212890625
2019-08-24,12273.8212890625
2019-08-25,12273.8212890625
2019-08-26,12036.990234375
2019-08-27,11979.419921875
2019-08-28,11970.4580078125
2019-08-29,11915.6552734375
2019-08-30,11528.189453125
2019-08-31,11528.189453125
2019-09-01,11420.0498046875
2019-09-02,10947.0419921875
2019-09-03,10947.0419921875
2019-09-04,10947.0419921875
2019-09-05,10947.0419921875
2019-09-06,10947.0419921875
2019-09-07,10947.0419921875
2019-09-08,10947.0419921875
2019-09-09,10898.76171875
2019-09-10,10898.76171875
2019-09-11,10898.76171875
2019-09-12,10898.76171875
2019-09-13,10898.76171875
2019-09-14,10898.76171875
2019-09-15,10898.76171875
2019-09-16,10898.76171875
2019-09-17,10898.76171875
2019-09-18,10898.76171875
2019-09-19,10898.76171875
2019-09-20,10898.76171875
2019-09-21,10898.76171875
2019-09-22,10898.76171875
2019-09-23,10898.76171875
2019-09-24,10898.76171875
2019-09-25,10898.76171875
2019-09-26,10595.6376953125
2019-09-27,10595.6376953125
2019-09-28,10450.3115234375
2019-09-29,10442.25390625
2019-09-30,10442.25390625
2019-10-01,10442.25390625
2019-10-02,10441.4892578125
2019-10-03,10422.1337890625
2019-10-04,10387.03515625
2019-10-05,10386.8671875
2019-10-06,10296.771484375
2019-10-07,10295.6689453125
2019-10-08,10295.6689453125
2019-10-09,10285.8720703125
2019-10-10,10188.09765625
2019-10-11,10074.4443359375
2019-10-12,10074.23828125
2019-10-13,9804.3173828125
2019-10-14,8744.828125
2019-10-15,8721.7802734375
2019-10-16,8721.7802734375
2019-10-17,8721.7802734375
2019-10-18,8721.7802734375
2019-10-19,8721.7802734375
2019-10-20,8721.7802734375
2019-10-21,8721.7802734375
2019-10-22,8721.7802734375
2019-10-23,8721.7802734375
2019-10-24,8721.7802734375
2019-10-25,8721.7802734375
2019-10-26,10021.744140625
2019-10-27,10021.744140625
2019-10-28,10021.744140625
2019-10-29,10021.744140625
2019-10-30,10021.744140625
2019-10-31,10021.744140625
2019-11-01,10021.744140625
2019-11-02,10021.744140625
2019-11-03,10021.744140625
2019-11-04,10021.744140625
2019-11-05,10021.744140625
2019-11-06,10021.744140625
2019-11-07,10021.744140625
2019-11-08,10021.744140625
2019-11-09,10021.744140625
2019-11-10,10021.744140625
2019-11-11,10021.744140625
2019-11-12,10021.744140625
2019-11-13,10021.744140625
2019-11-14,10021.744140625
2019-11-15,9805.1181640625
2019-11-16,9805.1181640625
2019-11-17,9516.1806640625
2019-11-18,9505.0517578125
2019-11-19,9505.0517578125
2019-11-20,9505.0517578125
2019-11-21,9505.0517578125
2019-11-22,9505.0517578125
2019-11-23,9505.0517578125
2019-11-24,9457.41796875
2019-11-25,9423.2373046875
2019-11-26,9368.4765625
2019-11-27,9272.759765625
2019-11-28,9103.826171875
2019-11-29,9103.826171875
2019-11-30,9081.279296875
2019-12-01,8853.7685546875
2019-12-02,8836.841796875
2019-12-03,8826.943359375
2019-12-04,8730.873046875
2019-12-05,8727.7890625
2019-12-06,8727.7890625
2019-12-07,8653.2802734375
2019-12-08,8408.5166015625
2019-12-09,8237.240234375
2019-12-10,8110.09814453125
2019-12-11,7836.10205078125
2019-12-12,7836.10205078125
2019-12-13,7836.10205078125
2019-12-14,7836.10205078125
2019-12-15,7836.10205078125
2019-12-16,7836.10205078125
2019-12-17,7836.10205078125
2019-12-18,7836.10205078125
2019-12-19,7836.10205078125
2019-12-20,7743.431640625
2019-12-21,7743.431640625
2019-12-22,7743.431640625
2019-12-23,7743.431640625
2019-12-24,7743.431640625
2019-12-25,7656.17626953125
2019-12-26,7656.17626953125
2019-12-27,7656.17626953125
2019-12-28,7656.17626953125
2019-12-29,7656.17626953125
2019-12-30,7656.17626953125
2019-12-31,7656.17626953125
2020-01-01,7656.17626953125
2020-01-02,7656.17626953125
2020-01-03,7656.17626953125
2020-01-04,7656.17626953125
2020-01-05,7656.17626953125
2020-01-06,7781.8671875
2020-01-07,8178.2158203125
2020-01-08,8396.73828125
2020-01-09,8396.73828125
2020-01-10,8396.73828125
2020-01-11,8396.73828125
2020-01-12,8396.73828125
2020-01-13,8396.73828125
2020-01-14,8879.51171875
2020-01-15,8890.1171875
2020-01-16,8890.1171875
2020-01-17,8958.1220703125
2020-01-18,9012.1982421875
2020-01-19,9164.3623046875
2020-01-20,9164.3623046875
2020-01-21,9164.3623046875
2020-01-22,9164.3623046875
2020-01-23,9164.3623046875
2020-01-24,9164.3623046875
2020-01-25,9164.3623046875
2020-01-26,9164.3623046875
2020-01-27,9164.3623046875
2020-01-28,9358.58984375
2020-01-29,9406.431640625
2020-01-30,9553.1259765625
2020-01-31,9553.1259765625
2020-02-01,9553.1259765625
2020-02-02,9553.1259765625
2020-02-03,9553.1259765625
2020-02-04,9553.1259765625
2020-02-05,9701.2998046875
2020-02-06,9824.619140625
2020-02-07,9834.716796875
2020-02-08,9876.7490234375
2020-02-09,10129.435546875
2020-02-10,10165.765625
2020-02-11,10210.052734375
2020-02-12,10393.611328125
2020-02-13,10457.626953125
2020-02-14,10457.626953125
2020-02-15,10457.626953125
2020-02-16,10457.626953125
2020-02-17,10457.626953125
2020-02-18,10457.626953125
2020-02-19,10457.626953125
2020-02-20,10457.626953125
2020-02-21,10457.626953125
2020-02-22,10457.626953125
2020-02-23,10457.626953125
2020-02-24,10457.626953125
2020-02-25,10457.626953125
2020-02-26,10457.626953125
2020-02-27,10457.626953125
2020-02-28,10457.626953125
2020-02-29,10457.626953125
2020-03-01,10457.626953125
2020-03-02,10457.626953125
2020-03-03,10457.626953125
2020-03-04,10341.5556640625
2020-03-05,10341.5556640625
2020-03-06,10191.67578125
2020-03-07,10191.67578125
2020-03-08,10191.67578125
2020-03-09,10191.67578125
2020-03-10,9951.74609375
2020-03-11,9951.74609375
2020-03-12,9951.74609375
2020-03-13,9951.74609375
2020-03-14,9951.74609375
2020-03-15,9652.7373046875
2020-03-16,9354.7783203125
2020-03-17,9167.6953125
2020-03-18,9167.6953125
2020-03-19,9167.6953125
2020-03-20,9167.6953125
2020-03-21,9167.6953125
2020-03-22,9167.6953125
2020-03-23,9167.6953125
2020-03-24,9167.6953125
2020-03-25,9167.6953125
2020-03-26,9163.220703125
2020-03-27,8914.34375
2020-03-28,8177.79345703125
2020-03-29,8136.9453125
2020-03-30,7950.814453125
2020-03-31,7929.1162109375
2020-04-01,6892.51123046875
2020-04-02,7088.24755859375
2020-04-03,7088.24755859375
2020-04-04,7088.24755859375
2020-04-05,7088.24755859375
2020-04-06,7271.78125
2020-04-07,7427.939453125
2020-04-08,7427.939453125
2020-04-09,7427.939453125
2020-04-10,7427.939453125
2020-04-11,7427.939453125
2020-04-12,7427.939453125
2020-04-13,7427.939453125
2020-04-14,7427.939453125
2020-04-15,7427.939453125
2020-04-16,7427.939453125
2020-04-17,7427.939453125
2020-04-18,7427.939453125
2020-04-19,7427.939453125
2020-04-20,7427.939453125
2020-04-21,7427.939453125
2020-04-22,7427.939453125
2020-04-23,7491.78515625
2020-04-24,7574.19580078125
2020-04-25,7641.36376953125
2020-04-26,7700.59423828125
2020-04-27,7795.60107421875
2020-04-28,7814.52734375
2020-04-29,8871.75390625
2020-04-30,9440.650390625
2020-05-01,9440.650390625
2020-05-02,9440.650390625
2020-05-03,9440.650390625
2020-05-04,9440.650390625
2020-05-05,9440.650390625
2020-05-06,9440.650390625
2020-05-07,9992.6640625
2020-05-08,9996.7431640625
2020-05-09,9996.7431640625
2020-05-10,9996.7431640625
2020-05-11,9996.7431640625
2020-05-12,9996.7431640625
2020-05-13,9996.7431640625
2020-05-14,9996.7431640625
2020-05-15,9996.7431640625
2020-05-16,9996.7431640625
2020-05-17,9996.7431640625
2020-05-18,9996.7431640625
2020-05-19,9996.7431640625
2020-05-20,9996.7431640625
2020-05-21,9996.7431640625
2020-05-22,9996.7431640625
2020-05-23,9996.7431640625
2020-05-24,9996.7431640625
2020-05-25,9996.7431640625
2020-05-26,9996.7431640625
2020-05-27,9996.7431640625
2020-05-28,9913.86328125
2020-05-29,9906.0302734375
2020-05-30,9906.0302734375
2020-05-31,9906.0302734375
2020-06-01,10199.5654296875
2020-06-02,10199.5654296875
2020-06-03,10199.5654296875
2020-06-04,10199.5654296875
2020-06-05,10199.5654296875
2020-06-06,10199.5654296875
2020-06-07,10199.5654296875
2020-06-08,10199.5654296875
2020-06-09,10199.5654296875
2020-06-10,10199.5654296875
2020-06-11,10199.5654296875
2020-06-12,10199.5654296875
2020-06-13,10199.5654296875
2020-06-14,10199.5654296875
2020-06-15,10199.5654296875
2020-06-16,10199.5654296875
2020-06-17,10199.5654296875
2020-06-18,10199.5654296875
2020-06-19,10199.5654296875
2020-06-20,10199.5654296875
2020-06-21,10182.3408203125
2020-06-22,9938.2978515625
2020-06-23,9938.2978515625
2020-06-24,9938.2978515625
2020-06-25,9938.2978515625
2020-06-26,9938.2978515625
2020-06-27,9938.2978515625
2020-06-28,9938.2978515625
2020-06-29,9938.2978515625
2020-06-30,9938.2978515625
2020-07-01,9680.3671875
2020-07-02,9680.3671875
2020-07-03,9680.3671875
2020-07-04,9680.3671875
2020-07-05,9680.3671875
2020-07-06,9680.3671875
2020-07-07,9680.3671875
2020-07-08,9680.3671875
2020-07-09,9680.3671875
2020-07-10,9680.3671875
2020-07-11,9680.3671875
2020-07-12,9680.3671875
2020-07-13,9680.3671875
2020-07-14,9450.3359375
2020-07-15,9450.3359375
2020-07-16,9450.3359375
2020-07-17,9450.3359375
2020-07-18,9450.3359375
2020-07-19,9450.3359375
2020-07-20,9450.3359375
2020-07-21,9450.3359375
2020-07-22,9530.5185546875
2020-07-23,9610.2470703125
2020-07-24,9623.3369140625
2020-07-25,9704.556640625
2020-07-26,10023.8076171875
2020-07-27,11298.2216796875
2020-07-28,11298.2216796875
2020-07-29,11304.3974609375
2020-07-30,11304.3974609375
2020-07-31,11415.8642578125
2020-08-01,11794.775390625
2020-08-02,12034.14453125
2020-08-03,12034.14453125
2020-08-04,12034.14453125
2020-08-05,12034.14453125
2020-08-06,12034.14453125
2020-08-07,12034.14453125
2020-08-08,12034.14453125
2020-08-09,12034.14453125
2020-08-10,12045.140625
2020-08-11,12045.140625
2020-08-12,12045.140625
2020-08-13,12045.140625
2020-08-14,12150.994140625
2020-08-15,12150.994140625
2020-08-16,12150.994140625
2020-08-17,12359.056640625
2020-08-18,12359.056640625
2020-08-19,12359.056640625
2020-08-20,12359.056640625
2020-08-21,12359.056640625
2020-08-22,12359.056640625
2020-08-23,12359.056640625
2020-08-24,12359.056640625
2020-08-25,12359.056640625
2020-08-26,12359.056640625
2020-08-27,12359.056640625
2020-08-28,12359.056640625
2020-08-29,12359.056640625
2020-08-30,12359.056640625
2020-08-31,12359.056640625
2020-09-01,12359.056640625
2020-09-02,12359.056640625
2020-09-03,12359.056640625
2020-09-04,12359.056640625
2020-09-05,12359.056640625
2020-09-06,12335.70703125
2020-09-07,12067.0810546875
2020-09-08,12067.0810546875
2020-09-09,12067.0810546875
2020-09-10,12067.0810546875
2020-09-11,12067.0810546875
2020-09-12,12067.0810546875
2020-09-13,12067.0810546875
2020-09-14,12067.0810546875
2020-09-15,12067.0810546875
2020-09-16,12067.0810546875
2020-09-17,12067.0810546875
2020-09-18,12067.0810546875
2020-09-19,12067.0810546875
2020-09-20,12067.0810546875
2020-09-21,11964.8232421875
2020-09-22,11443.0224609375
2020-09-23,11134.0927734375
2020-09-24,11134.0927734375
2020-09-25,11134.0927734375
2020-09-26,11134.0927734375
2020-09-27,11134.0927734375
2020-09-28,11134.0927734375
2020-09-29,11134.0927734375
2020-09-30,11134.0927734375
2020-10-01,11134.0927734375
2020-10-02,11134.0927734375
2020-10-03,11134.0927734375
2020-10-04,11134.0927734375
2020-10-05,11134.0927734375
2020-10-06,11134.0927734375
2020-10-07,11134.0927734375
2020-10-08,11134.0927734375
2020-10-09,11102.671875
2020-10-10,11442.2109375
2020-10-11,11442.2109375
2020-10-12,11698.4677734375
2020-10-13,11698.4677734375
2020-10-14,11698.4677734375
2020-10-15,11698.4677734375
2020-10-16,11698.4677734375
2020-10-17,11698.4677734375
2020-10-18,11698.4677734375
2020-10-19,11799.0927734375
2020-10-20,11999.91796875
2020-10-21,13184.56640625
2020-10-22,13184.56640625
2020-10-23,13184.56640625
2020-10-24,13184.56640625
2020-10-25,13329.18359375
2020-10-26,13329.18359375
2020-10-27,13759.6689453125
2020-10-28,13837.6953125
2020-10-29,13837.6953125
2020-10-30,13837.6953125
2020-10-31,14028.2138671875
2020-11-01,14028.2138671875
2020-11-02,14028.2138671875
2020-11-03,14028.2138671875
2020-11-04,14218.7666015625
2020-11-05,15706.404296875
2020-11-06,15903.4375
2020-11-07,15903.4375
2020-11-08,15903.4375
2020-11-09,15903.4375
2020-11-10,15903.4375
2020-11-11,15916.2607421875
2020-11-12,16305.00390625
2020-11-13,16463.177734375
2020-11-14,16463.177734375
2020-11-15,16463.177734375
2020-11-16,16816.181640625
2020-11-17,17782.919921875
2020-11-18,18393.94921875
2020-11-19,18393.94921875
2020-11-20,18773.2265625
2020-11-21,18936.62109375
2020-11-22,18936.62109375
2020-11-23,18936.62109375
2020-11-24,19348.271484375
2020-11-25,19390.96484375
2020-11-26,19390.96484375
2020-11-27,19390.96484375
2020-11-28,19390.96484375
2020-11-29,19390.96484375
2020-11-30,19749.263671875
2020-12-01,19845.974609375
2020-12-02,19845.974609375
2020-12-03,19845.974609375
2020-12-04,19845.974609375
2020-12-05,19845.974609375
2020-12-06,19845.974609375
2020-12-07,19845.974609375
2020-12-08,19845.974609375
2020-12-09,19845.974609375
2020-12-10,19845.974609375
2020-12-11,19845.974609375
2020-12-12,19845.974609375
2020-12-13,19845.974609375
2020-12-14,19845.974609375
2020-12-15,19845.974609375
2020-12-16,21458.908203125
2020-12-17,23642.66015625
2020-12-18,23642.66015625
2020-12-19,24085.85546875
2020-12-20,24209.66015625
2020-12-21,24209.66015625
2020-12-22,24209.66015625
2020-12-23,24209.66015625
2020-12-24,24209.66015625
2020-12-25,24710.1015625
2020-12-26,26718.0703125
2020-12-27,28288.83984375
2020-12-28,28288.83984375
2020-12-29,28288.83984375
2020-12-30,28937.740234375
2020-12-31,29244.876953125
2021-01-01,29600.626953125
2021-01-02,33155.1171875
2021-01-03,34608.55859375
2021-01-04,34608.55859375
2021-01-05,34608.55859375
2021-01-06,36879.69921875
2021-01-07,40180.3671875
2021-01-08,41946.73828125
2021-01-09,41946.73828125
2021-01-10,41946.73828125
2021-01-11,41946.73828125
2021-01-12,41946.73828125
2021-01-13,41946.73828125
2021-01-14,41946.73828125
2021-01-15,41946.73828125
2021-01-16,41946.73828125
2021-01-17,41946.73828125
2021-01-18,41946.73828125
2021-01-19,41946.73828125
2021-01-20,41946.73828125
2021-01-21,41946.73828125
2021-01-22,41946.73828125
2021-01-23,41946.73828125
2021-01-24,41946.73828125
2021-01-25,41946.73828125
2021-01-26,41946.73828125
2021-01-27,41946.73828125
2021-01-28,41436.3515625
2021-01-29,41420.19140625
2021-01-30,39966.40625
2021-01-31,39966.40625
2021-02-01,39966.40625
2021-02-02,39966.40625
2021-02-03,39577.7109375
2021-02-04,38592.17578125
2021-02-05,38592.17578125
2021-02-06,40846.546875
2021-02-07,40846.546875
2021-02-08,46203.9296875
2021-02-09,48003.72265625
2021-02-10,48003.72265625
2021-02-11,48463.46875
2021-02-12,48745.734375
2021-02-13,48745.734375
2021-02-14,49487.640625
2021-02-15,49487.640625
2021-02-16,50341.1015625
2021-02-17,52533.9140625
2021-02-18,52533.9140625
2021-02-19,56113.65234375
2021-02-20,57505.2265625
2021-02-21,58330.5703125
2021-02-22,58330.5703125
2021-02-23,58330.5703125
2021-02-24,58330.5703125
2021-02-25,58330.5703125
2021-02-26,58330.5703125
2021-02-27,58330.5703125
2021-02-28,58330.5703125
2021-03-01,58330.5703125
2021-03-02,58330.5703125
2021-03-03,58330.5703125
2021-03-04,58330.5703125
2021-03-05,58330.5703125
2021-03-06,58330.5703125
2021-03-07,58330.5703125
2021-03-08,58330.5703125
2021-03-09,58330.5703125
2021-03-10,58330.5703125
2021-03-11,58330.5703125
2021-03-12,58330.5703125
2021-03-13,61683.86328125
2021-03-14,61683.86328125
2021-03-15,61683.86328125
2021-03-16,61683.86328125
2021-03-17,61683.86328125
2021-03-18,61683.86328125
2021-03-19,61683.86328125
2021-03-20,61683.86328125
2021-03-21,61683.86328125
2021-03-22,61683.86328125
2021-03-23,61683.86328125
2021-03-24,61683.86328125
2021-03-25,61683.86328125
2021-03-26,61683.86328125
2021-03-27,61683.86328125
2021-03-28,61683.86328125
2021-03-29,61683.86328125
2021-03-30,61683.86328125
2021-03-31,61683.86328125
2021-04-01,61683.86328125
2021-04-02,61597.91796875
2021-04-03,60540.9921875
2021-04-04,60267.1875
2021-04-05,60267.1875
2021-04-06,60267.1875
2021-04-07,60267.1875
2021-04-08,60267.1875
2021-04-09,60267.1875
2021-04-10,61276.6640625
2021-04-11,61276.6640625
2021-04-12,61276.6640625
2021-04-13,63742.28515625
2021-04-14,64863.09765625
2021-04-15,64863.09765625
2021-04-16,64863.09765625
2021-04-17,64863.09765625
2021-04-18,64863.09765625
2021-04-19,64863.09765625
2021-04-20,64863.09765625
2021-04-21,64863.09765625
2021-04-22,64863.09765625
2021-04-23,64863.09765625
2021-04-24,64863.09765625
2021-04-25,64863.09765625
2021-04-26,64863.09765625
2021-04-27,64863.09765625
2021-04-28,64863.09765625
2021-04-29,64863.09765625
2021-04-30,64863.09765625
2021-05-01,64863.09765625
2021-05-02,64863.09765625
2021-05-03,64863.09765625
2021-05-04,63821.671875
2021-05-05,63594.72265625
2021-05-06,62572.17578125
2021-05-07,61057.45703125
2021-05-08,59464.61328125
2021-05-09,59464.61328125
2021-05-10,59519.35546875
2021-05-11,59519.35546875
2021-05-12,59519.35546875
2021-05-13,59519.35546875
2021-05-14,59519.35546875
2021-05-15,59519.35546875
2021-05-16,59519.35546875
2021-05-17,59519.35546875
2021-05-18,59519.35546875
2021-05-19,59519.35546875
2021-05-20,59519.35546875
2021-05-21,59519.35546875
2021-05-22,59519.35546875
2021-05-23,59519.35546875
2021-05-24,59519.35546875
2021-05-25,59519.35546875
2021-05-26,59519.35546875
2021-05-27,59519.35546875
2021-05-28,59519.35546875
2021-05-29,59519.35546875
2021-05-30,57939.36328125
2021-05-31,57939.36328125
2021-06-01,51438.1171875
2021-06-02,51438.1171875
2021-06-03,50639.6640625
2021-06-04,49720.04296875
2021-06-05,46623.55859375
2021-06-06,45812.45703125
2021-06-07,43546.1171875
2021-06-08,42462.984375
2021-06-09,42172.171875
2021-06-10,40782.078125
2021-06-11,40782.078125
2021-06-12,40782.078125
2021-06-13,40782.078125
2021-06-14,40978.36328125
2021-06-15,41295.26953125
2021-06-16,41295.26953125
2021-06-17,41295.26953125
2021-06-18,41295.26953125
2021-06-19,41295.26953125
2021-06-20,41295.26953125
2021-06-21,41295.26953125
2021-06-22,41295.26953125
2021-06-23,41295.26953125
2021-06-24,41295.26953125
2021-06-25,41295.26953125
2021-06-26,41295.26953125
2021-06-27,41295.26953125
2021-06-28,41295.26953125
2021-06-29,41295.26953125
2021-06-30,41295.26953125
2021-07-01,41295.26953125
2021-07-02,41295.26953125
2021-07-03,41295.26953125
2021-07-04,41295.26953125
2021-07-05,40516.77734375
2021-07-06,39513.671875
2021-07-07,38187.26171875
2021-07-08,36542.109375
2021-07-09,36542.109375
2021-07-10,36542.109375
2021-07-11,36542.109375
2021-07-12,36542.109375
2021-07-13,36542.109375
2021-07-14,36542.109375
2021-07-15,36542.109375
2021-07-16,36542.109375
2021-07-17,36542.109375
2021-07-18,36542.109375
2021-07-19,36074.7578125
2021-07-20,35937.56640625
2021-07-21,35937.56640625
2021-07-22,35937.56640625
2021-07-23,35937.56640625
2021-07-24,35284.34375
2021-07-25,35364.92578125
2021-07-26,40499.67578125
2021-07-27,40499.67578125
2021-07-28,40816.0703125
2021-07-29,40816.0703125
2021-07-30,42235.546875
2021-07-31,42235.546875
2021-08-01,42541.6796875
2021-08-02,42541.6796875
2021-08-03,42541.6796875
2021-08-04,42541.6796875
2021-08-05,42541.6796875
2021-08-06,43271.66015625
2021-08-07,44689.859375
2021-08-08,45282.3515625
2021-08-09,46456.83203125
2021-08-10,46637.98828125
2021-08-11,46735.6328125
2021-08-12,46735.6328125
2021-08-13,47831.9765625
2021-08-14,48098.68359375
2021-08-15,48098.68359375
2021-08-16,48098.68359375
2021-08-17,48098.68359375
2021-08-18,48098.68359375
2021-08-19,48098.68359375
2021-08-20,49342.15234375
2021-08-21,49717.01953125
2021-08-22,49717.01953125
2021-08-23,50482.078125
2021-08-24,50482.078125
2021-08-25,50482.078125
2021-08-26,50482.078125
2021-08-27,50482.078125
2021-08-28,50482.078125
2021-08-29,50482.078125
2021-08-30,50482.078125
2021-08-31,50482.078125
2021-09-01,50482.078125
2021-09-02,50482.078125
2021-09-03,50982.2734375
2021-09-04,50982.2734375
2021-09-05,51868.6796875
2021-09-06,52700.94140625
2021-09-07,52853.765625
2021-09-08,52853.765625
2021-09-09,52853.765625
2021-09-10,52853.765625
2021-09-11,52853.765625
2021-09-12,52853.765625
2021-09-13,52853.765625
2021-09-14,52853.765625
2021-09-15,52853.765625
2021-09-16,52853.765625
2021-09-17,52853.765625
2021-09-18,52853.765625
2021-09-19,52853.765625
2021-09-20,52853.765625
2021-09-21,52853.765625
2021-09-22,52853.765625
2021-09-23,52853.765625
2021-09-24,52853.765625
2021-09-25,52853.765625
2021-09-26,52853.765625
2021-09-27,48791.78125
2021-09-28,48791.78125
2021-09-29,48791.78125
2021-09-30,48791.78125
2021-10-01,48791.78125
2021-10-02,48791.78125
2021-10-03,49130.69140625
2021-10-04,49456.77734375
2021-10-05,51839.984375
2021-10-06,55568.46484375
2021-10-07,55568.46484375
2021-10-08,55922.98046875
2021-10-09,55922.98046875
2021-10-10,56401.3046875
2021-10-11,57793.0390625
2021-10-12,57793.0390625
2021-10-13,57793.0390625
2021-10-14,58478.734375
2021-10-15,62757.12890625
2021-10-16,62757.12890625
2021-10-17,62757.12890625
2021-10-18,62757.12890625
2021-10-19,64434.53515625
2021-10-20,66930.390625
2021-10-21,66930.390625
2021-10-22,66930.390625
2021-10-23,66930.390625
2021-10-24,66930.390625
2021-10-25,66930.390625
2021-10-26,66930.390625
2021-10-27,66930.390625
2021-10-28,66930.390625
2021-10-29,66930.390625
2021-10-30,66930.390625
2021-10-31,66930.390625
2021-11-01,66930.390625
2021-11-02,66930.390625
2021-11-03,66930.390625
2021-11-04,66930.390625
2021-11-05,66930.390625
2021-11-06,66930.390625
2021-11-07,66930.390625
2021-11-08,67673.7421875
2021-11-09,68530.3359375
2021-11-10,68789.625
2021-11-11,68789.625
2021-11-12,68789.625
2021-11-13,68789.625
2021-11-14,68789.625
2021-11-15,68789.625
2021-11-16,68789.625
2021-11-17,68789.625
2021-11-18,68789.625
2021-11-19,68789.625
2021-11-20,68789.625
2021-11-21,68789.625
2021-11-22,68789.625
2021-11-23,68789.625
2021-11-24,68789.625
2021-11-25,68789.625
2021-11-26,68789.625
2021-11-27,68789.625
2021-11-28,68789.625
2021-11-29,68789.625
2021-11-30,66281.5703125
2021-12-01,66281.5703125
2021-12-02,66281.5703125
2021-12-03,66281.5703125
2021-12-04,66281.5703125
2021-12-05,63721.1953125
2021-12-06,60948.5
2021-12-07,60948.5
2021-12-08,60004.42578125
2021-12-09,60004.42578125
2021-12-10,60004.42578125
2021-12-11,59367.96875
2021-12-12,59367.96875
2021-12-13,59367.96875
2021-12-14,59367.96875
2021-12-15,59183.48046875
2021-12-16,59113.40234375
2021-12-17,59113.40234375
2021-12-18,59113.40234375
2021-12-19,59113.40234375
2021-12-20,59041.68359375
2021-12-21,57482.16796875
2021-12-22,57482.16796875
2021-12-23,53904.6796875
2021-12-24,51934.78125
2021-12-25,51934.78125
2021-12-26,51934.78125
2021-12-27,51956.328125
2021-12-28,51956.328125
2021-12-29,51956.328125
2021-12-30,51956.328125
2021-12-31,51956.328125
2022-01-01,51956.328125
2022-01-02,51956.328125
2022-01-03,51956.328125
2022-01-04,51956.328125
2022-01-05,51956.328125
2022-01-06,51956.328125
2022-01-07,51956.328125
2022-01-08,51956.328125
2022-01-09,51956.328125
2022-01-10,51956.328125
2022-01-11,51956.328125
2022-01-12,51956.328125
2022-01-13,51956.328125
2022-01-14,51956.328125
2022-01-15,51956.328125
2022-01-16,50679.859375
2022-01-17,48472.52734375
2022-01-18,48472.52734375
2022-01-19,48472.52734375
2022-01-20,47881.40625
2022-01-21,47881.40625
2022-01-22,47510.7265625
2022-01-23,47406.546875
2022-01-24,46929.046875
2022-01-25,44278.421875
2022-01-26,44278.421875
2022-01-27,44278.421875
2022-01-28,44278.421875
2022-01-29,44278.421875
2022-01-30,44278.421875
2022-01-31,44278.421875
2022-02-01,44278.421875
2022-02-02,43724.671875
2022-02-03,43724.671875
2022-02-04,43436.80859375
2022-02-05,43413.0234375
2022-02-06,43413.0234375
2022-02-07,44401.86328125
2022-02-08,45293.8671875
2022-02-09,45293.8671875
2022-02-10,45661.171875
2022-02-11,45661.171875
2022-02-12,45661.171875
2022-02-13,45661.171875
2022-02-14,45661.171875
2022-02-15,45661.171875
2022-02-16,45661.171875
2022-02-17,45661.171875
2022-02-18,45661.171875
2022-02-19,45661.171875
2022-02-20,45661.171875
2022-02-21,45661.171875
2022-02-22,45661.171875
2022-02-23,45661.171875
2022-02-24,45661.171875
2022-02-25,45661.171875
2022-02-26,45661.171875
2022-02-27,45661.171875
2022-02-28,45661.171875
2022-03-01,45661.171875
2022-03-02,45077.578125
2022-03-03,45077.578125
2022-03-04,45077.578125
2022-03-05,45077.578125
2022-03-06,45077.578125
2022-03-07,45077.578125
2022-03-08,45077.578125
2022-03-09,45077.578125
2022-03-10,45077.578125
2022-03-11,45077.578125
2022-03-12,45077.578125
2022-03-13,45077.578125
2022-03-14,45077.578125
2022-03-15,45077.578125
2022-03-16,45077.578125
2022-03-17,45077.578125
2022-03-18,45077.578125
2022-03-19,45077.578125
2022-03-20,45077.578125
2022-03-21,45077.578125
2022-03-22,44021.578125
2022-03-23,43124.70703125
2022-03-24,44131.85546875
2022-03-25,44999.4921875
2022-03-26,44999.4921875
2022-03-27,46827.546875
2022-03-28,48086.8359375
2022-03-29,48086.8359375
2022-03-30,48086.8359375
2022-03-31,48086.8359375
2022-04-01,48086.8359375
2022-04-02,48086.8359375
2022-04-03,48086.8359375
2022-04-04,48086.8359375
2022-04-05,48086.8359375
2022-04-06,48086.8359375
2022-04-07,48086.8359375
2022-04-08,48086.8359375
2022-04-09,48086.8359375
2022-04-10,48086.8359375
2022-04-11,48086.8359375
2022-04-12,48086.8359375
2022-04-13,48086.8359375
2022-04-14,48086.8359375
2022-04-15,48086.8359375
2022-04-16,48086.8359375
2022-04-17,48022.2890625
2022-04-18,47655.1484375
2022-04-19,47512.02734375
2022-04-20,47313.4765625
2022-04-21,47313.4765625
2022-04-22,47313.4765625
2022-04-23,47106.140625
2022-04-24,47106.140625
2022-04-25,45544.35546875
2022-04-26,43903.01953125
2022-04-27,43903.01953125
2022-04-28,43376.37890625
2022-04-29,43376.37890625
2022-04-30,42893.58203125
2022-05-01,42893.58203125
2022-05-02,42893.58203125
2022-05-03,42893.58203125
2022-05-04,42893.58203125
2022-05-05,42893.58203125
2022-05-06,42893.58203125
2022-05-07,42893.58203125
2022-05-08,42893.58203125
2022-05-09,42893.58203125
2022-05-10,42893.58203125
2022-05-11,40777.7578125
2022-05-12,40713.890625
2022-05-13,40713.890625
2022-05-14,40713.890625
2022-05-15,40713.890625
2022-05-16,40269.46484375
2022-05-17,40269.46484375
2022-05-18,39902.94921875
2022-05-19,39902.94921875
2022-05-20,39902.94921875
2022-05-21,39902.94921875
2022-05-22,39902.94921875
2022-05-23,39902.94921875
2022-05-24,39789.28125
2022-05-25,36624.359375
2022-05-26,36129.92578125
2022-05-27,35502.94140625
2022-05-28,34222.07421875
2022-05-29,32596.30859375
2022-05-30,32013.40234375
2022-05-31,32249.86328125
2022-06-01,32249.86328125
2022-06-02,32249.86328125
2022-06-03,32249.86328125
2022-06-04,32249.86328125
2022-06-05,32249.86328125
2022-06-06,32249.86328125
2022-06-07,32249.86328125
2022-06-08,32249.86328125
2022-06-09,32249.86328125
2022-06-10,32249.86328125
2022-06-11,32249.86328125
2022-06-12,32249.86328125
2022-06-13,32249.86328125
2022-06-14,32249.86328125
2022-06-15,32249.86328125
2022-06-16,32249.86328125
2022-06-17,32249.86328125
2022-06-18,32249.86328125
2022-06-19,32249.86328125
2022-06-20,31957.28515625
2022-06-21,31693.291015625
2022-06-22,31693.291015625
2022-06-23,31693.291015625
2022-06-24,31693.291015625
2022-06-25,31693.291015625
2022-06-26,31489.68359375
2022-06-27,31253.69140625
2022-06-28,30609.310546875
2022-06-29,30245.80859375
2022-06-30,29401.916015625
2022-07-01,28502.685546875
2022-07-02,26795.58984375
2022-07-03,23018.951171875
2022-07-04,22868.921875
2022-07-05,22868.921875
2022-07-06,21783.724609375
2022-07-07,21783.724609375
2022-07-08,22314.94140625
2022-07-09,22314.94140625
2022-07-10,22314.94140625
2022-07-11,22314.94140625
2022-07-12,22314.94140625
2022-07-13,22314.94140625
2022-07-14,22314.94140625
2022-07-15,22314.94140625
2022-07-16,22314.94140625
2022-07-17,22314.94140625
2022-07-18,22633.033203125
2022-07-19,23666.962890625
2022-07-20,24196.818359375
2022-07-21,24196.818359375
2022-07-22,24196.818359375
2022-07-23,24196.818359375
2022-07-24,24196.818359375
2022-07-25,24196.818359375
2022-07-26,24196.818359375
2022-07-27,24196.818359375
2022-07-28,24196.818359375
2022-07-29,24294.787109375
2022-07-30,24572.580078125
2022-07-31,24572.580078125
2022-08-01,24572.580078125
2022-08-02,24572.580078125
2022-08-03,24572.580078125
2022-08-04,24572.580078125
2022-08-05,24572.580078125
2022-08-06,24572.580078125
2022-08-07,24572.580078125
2022-08-08,24572.580078125
2022-08-09,24572.580078125
2022-08-10,24572.580078125
2022-08-11,24822.62890625
2022-08-12,24822.62890625
2022-08-13,24860.05078125
2022-08-14,24974.9140625
2022-08-15,25135.58984375
2022-08-16,25135.58984375
2022-08-17,25135.58984375
2022-08-18,25135.58984375
2022-08-19,25135.58984375
2022-08-20,25135.58984375
2022-08-21,25135.58984375
2022-08-22,25135.58984375
2022-08-23,25135.58984375
2022-08-24,25135.58984375
2022-08-25,25135.58984375
2022-08-26,25135.58984375
2022-08-27,25135.58984375
2022-08-28,25135.58984375
2022-08-29,25135.58984375
2022-08-30,25135.58984375
2022-08-31,25135.58984375
2022-09-01,25135.58984375
2022-09-02,25135.58984375
2022-09-03,25135.58984375
2022-09-04,24407.05859375
2022-09-05,24407.05859375
2022-09-06,23563.83203125
2022-09-07,23213.3125
2022-09-08,21804.908203125
2022-09-09,21804.908203125
2022-09-10,21804.908203125
2022-09-11,21804.908203125
2022-09-12,22439.181640625
2022-09-13,22673.8203125
2022-09-14,22673.8203125
2022-09-15,22673.8203125
2022-09-16,22673.8203125
2022-09-17,22673.8203125
2022-09-18,22673.8203125
2022-09-19,22673.8203125
2022-09-20,22673.8203125
2022-09-21,22673.8203125
2022-09-22,22673.8203125
2022-09-23,22673.8203125
2022-09-24,22673.8203125
2022-09-25,22673.8203125
2022-09-26,22673.8203125
2022-09-27,22673.8203125
2022-09-28,22673.8203125
2022-09-29,22673.8203125
2022-09-30,22673.8203125
2022-10-01,22673.8203125
2022-10-02,22673.8203125
2022-10-03,20467.201171875
2022-10-04,20380.34375
2022-10-05,20380.34375
2022-10-06,20408.392578125
2022-10-07,20408.392578125
2022-10-08,20408.392578125
2022-10-09,20408.392578125
2022-10-10,20408.392578125
2022-10-11,20408.392578125
2022-10-12,20408.392578125
2022-10-13,20408.392578125
2022-10-14,20408.392578125
2022-10-15,20408.392578125
2022-10-16,20408.392578125
2022-10-17,20408.392578125
2022-10-18,20408.392578125
2022-10-19,20408.392578125
2022-10-20,20408.392578125
2022-10-21,20408.392578125
2022-10-22,20408.392578125
2022-10-23,20408.392578125
2022-10-24,20408.392578125
2022-10-25,20408.392578125
2022-10-26,20938.134765625
2022-10-27,20938.134765625
2022-10-28,20938.134765625
2022-10-29,20988.39453125
2022-10-30,20988.39453125
2022-10-31,20988.39453125
2022-11-01,20988.39453125
2022-11-02,20988.39453125
2022-11-03,20988.39453125
2022-11-04,21209.560546875
2022-11-05,21446.88671875
2022-11-06,21446.88671875
2022-11-07,21446.88671875
2022-11-08,21446.88671875
2022-11-09,21446.88671875
2022-11-10,21446.88671875
2022-11-11,21446.88671875
2022-11-12,21446.88671875
2022-11-13,21446.88671875
2022-11-14,21446.88671875
2022-11-15,21446.88671875
2022-11-16,21446.88671875
2022-11-17,21446.88671875
2022-11-18,21446.88671875
2022-11-19,21446.88671875
2022-11-20,21446.88671875
2022-11-21,21446.88671875
2022-11-22,21446.88671875
2022-11-23,21446.88671875
2022-11-24,21446.88671875
2022-11-25,21345.376953125
2022-11-26,21053.24609375
2022-11-27,20664.607421875
2022-11-28,18590.458984375
2022-11-29,18054.3125
2022-11-30,17650.943359375
2022-12-01,17197.498046875
2022-12-02,17197.498046875
2022-12-03,17197.498046875
2022-12-04,17197.498046875
2022-12-05,17378.15234375
2022-12-06,17378.15234375
2022-12-07,17378.15234375
2022-12-08,17378.15234375
2022-12-09,17378.15234375
2022-12-10,17378.15234375
2022-12-11,17378.15234375
2022-12-12,17378.15234375
2022-12-13,17930.0859375
2022-12-14,18318.53125
2022-12-15,18318.53125
2022-12-16,18318.53125
2022-12-17,18318.53125
2022-12-18,18318.53125
2022-12-19,18318.53125
2022-12-20,18318.53125
2022-12-21,18318.53125
2022-12-22,18318.53125
2022-12-23,18318.53125
2022-12-24,18318.53125
2022-12-25,18318.53125
2022-12-26,18318.53125
2022-12-27,18318.53125
2022-12-28,18318.53125
2022-12-29,18318.53125
2022-12-30,18318.53125
2022-12-31,18318.53125
2023-01-01,18318.53125
2023-01-02,18318.53125
2023-01-03,17846.744140625
2023-01-04,17505.525390625
2023-01-05,17012.984375
2023-01-06,17012.984375
2023-01-07,17012.984375
2023-01-08,17091.14453125
2023-01-09,17389.95703125
2023-01-10,17484.720703125
2023-01-11,17934.896484375
2023-01-12,19030.087890625
2023-01-13,19964.322265625
2023-01-14,21075.142578125
2023-01-15,21075.142578125
2023-01-16,21360.875
2023-01-17,21438.66015625
2023-01-18,21564.501953125
2023-01-19,21564.501953125
2023-01-20,22692.357421875
2023-01-21,23282.34765625
2023-01-22,23282.34765625
2023-01-23,23282.34765625
2023-01-24,23282.34765625
2023-01-25,23722.099609375
2023-01-26,23722.099609375
2023-01-27,23722.099609375
2023-01-28,23722.099609375
2023-01-29,23919.890625
2023-01-30,23919.890625
2023-01-31,23919.890625
2023-02-01,23919.890625
2023-02-02,24167.2109375
2023-02-03,24167.2109375
2023-02-04,24167.2109375
2023-02-05,24167.2109375
2023-02-06,24167.2109375
2023-02-07,24167.2109375
2023-02-08,24167.2109375
2023-02-09,24167.2109375
2023-02-10,24167.2109375
2023-02-11,24167.2109375
2023-02-12,24167.2109375
2023-02-13,24167.2109375
2023-02-14,24167.2109375
2023-02-15,24307.841796875
2023-02-16,25134.1171875
2023-02-17,25134.1171875
2023-02-18,25134.1171875
2023-02-19,25134.1171875
2023-02-20,25134.1171875
2023-02-21,25134.1171875
2023-02-22,25134.1171875
2023-02-23,25134.1171875
2023-02-24,25134.1171875
2023-02-25,25134.1171875
2023-02-26,25134.1171875
2023-02-27,25134.1171875
2023-02-28,25134.1171875
2023-03-01,25134.1171875
2023-03-02,25134.1171875
2023-03-03,25134.1171875
2023-03-04,25134.1171875
2023-03-05,25134.1171875
2023-03-06,25134.1171875
2023-03-07,25134.1171875
2023-03-08,25126.8515625
2023-03-09,25126.8515625
2023-03-10,25126.8515625
2023-03-11,25126.8515625
2023-03-12,25126.8515625
2023-03-13,24572.08984375
2023-03-14,26514.716796875
2023-03-15,26514.716796875
2023-03-16,26514.716796875
2023-03-17,27787.8125
2023-03-18,27787.8125
2023-03-19,28440.560546875
2023-03-20,28527.724609375
2023-03-21,28527.724609375
2023-03-22,28803.3359375
2023-03-23,28803.3359375
2023-03-24,28803.3359375
2023-03-25,28803.3359375
2023-03-26,28803.3359375
2023-03-27,28803.3359375
2023-03-28,28803.3359375
2023-03-29,28803.3359375
2023-03-30,29159.90234375
2023-03-31,29159.90234375
2023-04-01,29159.90234375
2023-04-02,29159.90234375
2023-04-03,29159.90234375
2023-04-04,29159.90234375
2023-04-05,29159.90234375
2023-04-06,29159.90234375
2023-04-07,29159.90234375
2023-04-08,29159.90234375
2023-04-09,29159.90234375
2023-04-10,29771.46484375
2023-04-11,30509.083984375
2023-04-12,30509.083984375
2023-04-13,30539.845703125
2023-04-14,31005.607421875
2023-04-15,31005.607421875
2023-04-16,31005.607421875
2023-04-17,31005.607421875
2023-04-18,31005.607421875
2023-04-19,31005.607421875
2023-04-20,31005.607421875
2023-04-21,31005.607421875
2023-04-22,31005.607421875
2023-04-23,31005.607421875
2023-04-24,31005.607421875
2023-04-25,31005.607421875
2023-04-26,31005.607421875
2023-04-27,31005.607421875
2023-04-28,31005.607421875
2023-04-29,31005.607421875
2023-04-30,31005.607421875
2023-05-01,31005.607421875
2023-05-02,31005.607421875
2023-05-03,31005.607421875
2023-05-04,30601.740234375
2023-05-05,30555.537109375
2023-05-06,30470.302734375
2023-05-07,30470.302734375
2023-05-08,30411.0546875
2023-05-09,29995.837890625
2023-05-10,29995.837890625
2023-05-11,29995.837890625
2023-05-12,29995.837890625
2023-05-13,29995.837890625
2023-05-14,29995.837890625
2023-05-15,29995.837890625
2023-05-16,29952.029296875
2023-05-17,29952.029296875
2023-05-18,29952.029296875
2023-05-19,29952.029296875
2023-05-20,29820.126953125
2023-05-21,29820.126953125
2023-05-22,29820.126953125
2023-05-23,29820.126953125
2023-05-24,29820.126953125
2023-05-25,29820.126953125
2023-05-26,29157.517578125
2023-05-27,28663.271484375
2023-05-28,28322.6875
2023-05-29,28432.0390625
2023-05-30,28432.0390625
2023-05-31,28432.0390625
2023-06-01,28432.0390625
2023-06-02,28432.0390625
2023-06-03,28432.0390625
2023-06-04,28432.0390625
2023-06-05,28432.0390625
2023-06-06,28432.0390625
2023-06-07,28432.0390625
2023-06-08,28432.0390625
2023-06-09,28432.0390625
2023-06-10,28432.0390625
2023-06-11,28432.0390625
2023-06-12,28432.0390625
2023-06-13,28432.0390625
2023-06-14,28432.0390625
2023-06-15,28432.0390625
2023-06-16,28432.0390625
2023-06-17,28432.0390625
2023-06-18,28044.759765625
2023-06-19,27831.677734375
2023-06-20,28388.96875
2023-06-21,30737.330078125
2023-06-22,30737.330078125
2023-06-23,31389.5390625
2023-06-24,31389.5390625
2023-06-25,31389.5390625
2023-06-26,31389.5390625
2023-06-27,31389.5390625
2023-06-28,31389.5390625
2023-06-29,31389.5390625
2023-06-30,31389.5390625
2023-07-01,31389.5390625
2023-07-02,31389.5390625
2023-07-03,31389.5390625
2023-07-04,31389.5390625
2023-07-05,31389.5390625
2023-07-06,31460.052734375
2023-07-07,31460.052734375
2023-07-08,31460.052734375
2023-07-09,31460.052734375
2023-07-10,31460.052734375
2023-07-11,31460.052734375
2023-07-12,31460.052734375
2023-07-13,31814.515625
2023-07-14,31814.515625
2023-07-15,31814.515625
2023-07-16,31814.515625
2023-07-17,31814.515625
2023-07-18,31814.515625
2023-07-19,31814.515625
2023-07-20,31814.515625
2023-07-21,31814.515625
2023-07-22,31814.515625
2023-07-23,31814.515625
2023-07-24,31814.515625
2023-07-25,31814.515625
2023-07-26,31814.515625
2023-07-27,31814.515625
2023-07-28,31814.515625
2023-07-29,31814.515625
2023-07-30,31814.515625
2023-07-31,31814.515625
2023-08-01,31814.515625
2023-08-02,31582.25390625
2023-08-03,30437.560546875
2023-08-04,30437.560546875
2023-08-05,30336.400390625
2023-08-06,30330.640625
2023-08-07,30330.640625
2023-08-08,30330.640625
2023-08-09,30330.640625
2023-08-10,30330.640625
2023-08-11,30330.640625
2023-08-12,30176.796875
2023-08-13,30176.796875
2023-08-14,30176.796875
2023-08-15,30176.796875
2023-08-16,30176.796875
2023-08-17,30176.796875
2023-08-18,30176.796875
2023-08-19,30176.796875
2023-08-20,30176.796875
2023-08-21,30176.796875
2023-08-22,30176.796875
2023-08-23,30176.796875
2023-08-24,30176.796875
2023-08-25,30176.796875
2023-08-26,30176.796875
2023-08-27,30176.796875
2023-08-28,30093.435546875
2023-08-29,29688.564453125
2023-08-30,29660.25390625
2023-08-31,29660.25390625
2023-09-01,29660.25390625
2023-09-02,29660.25390625
2023-09-03,29439.12109375
2023-09-04,29221.9765625
2023-09-05,28745.947265625
2023-09-06,28089.337890625
2023-09-07,28089.337890625
2023-09-08,28089.337890625
2023-09-09,28089.337890625
2023-09-10,28089.337890625
2023-09-11,28089.337890625
2023-09-12,28089.337890625
2023-09-13,28089.337890625
2023-09-14,28089.337890625
2023-09-15,28089.337890625
2023-09-16,28089.337890625
2023-09-17,28089.337890625
2023-09-18,27760.16015625
2023-09-19,27488.763671875
2023-09-20,27488.763671875
2023-09-21,27488.763671875
2023-09-22,27488.763671875
2023-09-23,27488.763671875
2023-09-24,27488.763671875
2023-09-25,27488.763671875
2023-09-26,27488.763671875
2023-09-27,27488.763671875
2023-09-28,27488.763671875
2023-09-29,27488.763671875
2023-09-30,27488.763671875
2023-10-01,28047.23828125
2023-10-02,28494.458984375
2023-10-03,28494.458984375
2023-10-04,28494.458984375
2023-10-05,28494.458984375
2023-10-06,28494.458984375
2023-10-07,28494.458984375
2023-10-08,28494.458984375
2023-10-09,28494.458984375
2023-10-10,28494.458984375
2023-10-11,28494.458984375
2023-10-12,28494.458984375
2023-10-13,28494.458984375
2023-10-14,28494.458984375
2023-10-15,28494.458984375
2023-10-16,29448.138671875
2023-10-17,29448.138671875
2023-10-18,29448.138671875
2023-10-19,29448.138671875
2023-10-20,30104.0859375
2023-10-21,30287.482421875
2023-10-22,30287.482421875
2023-10-23,34370.4375
2023-10-24,35150.43359375
2023-10-25,35150.43359375
2023-10-26,35150.43359375
2023-10-27,35150.43359375
2023-10-28,35150.43359375
2023-10-29,35150.43359375
2023-10-30,35150.43359375
2023-10-31,35150.43359375
2023-11-01,35527.9296875
2023-11-02,35919.84375
2023-11-03,35919.84375
2023-11-04,35919.84375
2023-11-05,35919.84375
2023-11-06,35919.84375
2023-11-07,35919.84375
2023-11-08,35994.41796875
2023-11-09,37926.2578125
2023-11-10,37926.2578125
2023-11-11,37926.2578125
2023-11-12,37926.2578125
2023-11-13,37926.2578125
2023-11-14,37926.2578125
2023-11-15,37964.89453125
2023-11-16,37964.89453125
2023-11-17,37964.89453125
2023-11-18,37964.89453125
2023-11-19,37964.89453125
2023-11-20,37964.89453125
2023-11-21,37964.89453125
2023-11-22,37964.89453125
2023-11-23,37964.89453125
2023-11-24,38415.33984375
2023-11-25,38415.33984375
2023-11-26,38415.33984375
2023-11-27,38415.33984375
2023-11-28,38415.33984375
2023-11-29,38415.33984375
2023-11-30,38415.33984375
2023-12-01,38954.109375
2023-12-02,39678.9375
2023-12-03,40135.60546875
2023-12-04,42371.75
2023-12-05,44408.6640625
2023-12-06,44408.6640625
2023-12-07,44408.6640625
2023-12-08,44705.515625
2023-12-09,44705.515625
2023-12-10,44705.515625
2023-12-11,44705.515625
2023-12-12,44705.515625
2023-12-13,44705.515625
2023-12-14,44705.515625
2023-12-15,44705.515625
2023-12-16,44705.515625
2023-12-17,44705.515625
2023-12-18,44705.515625
2023-12-19,44705.515625
2023-12-20,44705.515625
2023-12-21,44705.515625
2023-12-22,44705.515625
2023-12-23,44705.515625
2023-12-24,44705.515625
2023-12-25,44705.515625
2023-12-26,44705.515625
2023-12-27,44705.515625
2023-12-28,44367.95703125
2023-12-29,44367.95703125
2023-12-30,44367.95703125
2023-12-31,44367.95703125
2024-01-01,44367.95703125
2024-01-02,45899.70703125
2024-01-03,45899.70703125
2024-01-04,45899.70703125
2024-01-05,45899.70703125
2024-01-06,45899.70703125
2024-01-07,45899.70703125
2024-01-08,47218.0
2024-01-09,47893.69921875
2024-01-10,47893.69921875
2024-01-11,48969.37109375
2024-01-12,48969.37109375
2024-01-13,48969.37109375
2024-01-14,48969.37109375
2024-01-15,48969.37109375
2024-01-16,48969.37109375
2024-01-17,48969.37109375
2024-01-18,48969.37109375
2024-01-19,48969.37109375
2024-01-20,48969.37109375
2024-01-21,48969.37109375
2024-01-22,48969.37109375
2024-01-23,48969.37109375
2024-01-24,48969.37109375
2024-01-25,48969.37109375
2024-01-26,48969.37109375
2024-01-27,48969.37109375
2024-01-28,48969.37109375
2024-01-29,48969.37109375
2024-01-30,48969.37109375
2024-01-31,46498.13671875
2024-02-01,43838.9453125
2024-02-02,43838.9453125
2024-02-03,43838.9453125
2024-02-04,43838.9453125
2024-02-05,43838.9453125
2024-02-06,43838.9453125
2024-02-07,44341.94921875
2024-02-08,45575.83984375
2024-02-09,48152.49609375
2024-02-10,48152.49609375
2024-02-11,48535.9375
2024-02-12,50280.4765625
2024-02-13,50358.390625
2024-02-14,52021.37109375
2024-02-15,52820.06640625
2024-02-16,52820.06640625
2024-02-17,52820.06640625
2024-02-18,52820.06640625
2024-02-19,52820.06640625
2024-02-20,52945.05078125
2024-02-21,52945.05078125
2024-02-22,52945.05078125
2024-02-23,52945.05078125
2024-02-24,52945.05078125
2024-02-25,52945.05078125
2024-02-26,54938.17578125
2024-02-27,57537.83984375
2024-02-28,63913.1328125
2024-02-29,63913.1328125
2024-03-01,63913.1328125
2024-03-02,63913.1328125
2024-03-03,63913.1328125
2024-03-04,68537.03125
2024-03-05,69170.625
2024-03-06,69170.625
2024-03-07,69170.625
2024-03-08,70083.0546875
2024-03-09,70083.0546875
2024-03-10,70083.0546875
2024-03-11,72850.7109375
2024-03-12,72850.7109375
2024-03-13,73637.4765625
2024-03-14,73750.0703125
2024-03-15,73750.0703125
2024-03-16,73750.0703125
2024-03-17,73750.0703125
2024-03-18,73750.0703125
2024-03-19,73750.0703125
2024-03-20,73750.0703125
2024-03-21,73750.0703125
2024-03-22,73750.0703125
2024-03-23,73750.0703125
2024-03-24,73750.0703125
2024-03-25,73750.0703125
2024-03-26,73750.0703125
2024-03-27,73750.0703125
2024-03-28,73750.0703125
2024-03-29,73750.0703125
2024-03-30,73750.0703125
2024-03-31,73750.0703125
2024-04-01,73750.0703125
2024-04-02,73750.0703125
2024-04-03,72357.1328125
2024-04-04,71727.6875
2024-04-05,71727.6875
2024-04-06,71727.6875
2024-04-07,71727.6875
2024-04-08,72715.359375
2024-04-09,72715.359375
2024-04-10,72715.359375
2024-04-11,72715.359375
2024-04-12,72715.359375
2024-04-13,72715.359375
2024-04-14,72715.359375
2024-04-15,72715.359375
2024-04-16,72715.359375
2024-04-17,72715.359375
2024-04-18,72715.359375
2024-04-19,72715.359375
2024-04-20,72715.359375
2024-04-21,72715.359375
2024-04-22,72715.359375
2024-04-23,72715.359375
2024-04-24,72715.359375
2024-04-25,72715.359375
2024-04-26,72715.359375
2024-04-27,72715.359375
2024-04-28,71742.5078125
2024-04-29,71256.234375
2024-04-30,71256.234375
2024-05-01,71222.7421875
2024-05-02,67931.4296875
2024-05-03,67233.9609375
2024-05-04,67233.9609375
2024-05-05,67233.9609375
2024-05-06,67233.9609375
2024-05-07,67233.9609375
2024-05-08,67233.9609375
2024-05-09,67233.9609375
2024-05-10,67233.9609375
2024-05-11,67233.9609375
2024-05-12,67199.2421875
2024-05-13,67075.3671875
2024-05-14,65494.90234375
2024-05-15,66454.453125
2024-05-16,66712.4296875
2024-05-17,67459.4609375
2024-05-18,67459.4609375
2024-05-19,67694.296875
2024-05-20,71483.5625
2024-05-21,71946.4609375
2024-05-22,71946.4609375
2024-05-23,71946.4609375
2024-05-24,71946.4609375
2024-05-25,71946.4609375
2024-05-26,71946.4609375
2024-05-27,71946.4609375
2024-05-28,71946.4609375
2024-05-29,71946.4609375
2024-05-30,71946.4609375
2024-05-31,71946.4609375
2024-06-01,71946.4609375
2024-06-02,71946.4609375
2024-06-03,71946.4609375
2024-06-04,71946.4609375
2024-06-05,71946.4609375
2024-06-06,71946.4609375
2024-06-07,71946.4609375
2024-06-08,71946.4609375
2024-06-09,71946.4609375
2024-06-10,71907.8515625
2024-06-11,71907.8515625
2024-06-12,71907.8515625
2024-06-13,71907.8515625
2024-06-14,71907.8515625
2024-06-15,71907.8515625
2024-06-16,71907.8515625
2024-06-17,71907.8515625
2024-06-18,71907.8515625
2024-06-19,71907.8515625
2024-06-20,71907.8515625
2024-06-21,71907.8515625
2024-06-22,71907.8515625
2024-06-23,71907.8515625
2024-06-24,71907.8515625
2024-06-25,71907.8515625
2024-06-26,71907.8515625
2024-06-27,70146.0703125
2024-06-28,70146.0703125
2024-06-29,70146.0703125
2024-06-30,69977.890625
2024-07-01,69977.890625
2024-07-02,68365.78125
2024-07-03,67294.6484375
2024-07-04,67188.3203125
2024-07-05,67188.3203125
2024-07-06,67188.3203125
2024-07-07,66556.703125
2024-07-08,66438.9609375
2024-07-09,66438.9609375
2024-07-10,65007.546875
2024-07-11,64491.703125
2024-07-12,64491.703125
2024-07-13,63777.2265625
2024-07-14,63777.2265625
2024-07-15,64870.15234375
2024-07-16,65354.33984375
2024-07-17,66066.734375
2024-07-18,66066.734375
2024-07-19,67442.640625
2024-07-20,67610.734375
2024-07-21,68372.90625
2024-07-22,68480.0625
2024-07-23,68480.0625
2024-07-24,68480.0625
2024-07-25,68480.0625
2024-07-26,68480.0625
2024-07-27,69398.5078125
2024-07-28,69398.5078125
2024-07-29,69987.5390625
2024-07-30,69987.5390625
2024-07-31,69987.5390625
2024-08-01,69987.5390625
2024-08-02,69987.5390625
2024-08-03,69987.5390625
2024-08-04,69987.5390625
2024-08-05,69987.5390625
2024-08-06,69987.5390625
2024-08-07,69987.5390625
2024-08-08,69987.5390625
2024-08-09,69987.5390625
2024-08-10,69987.5390625
2024-08-11,69987.5390625
2024-08-12,69987.5390625
2024-08-13,69987.5390625
2024-08-14,69987.5390625
2024-08-15,69987.5390625
2024-08-16,69987.5390625
2024-08-17,69987.5390625
2024-08-18,66987.671875
2024-08-19,66810.2109375
2024-08-20,65593.2421875
2024-08-21,65523.22265625
2024-08-22,62673.765625
2024-08-23,64947.0625
2024-08-24,64947.0625
2024-08-25,64996.421875
2024-08-26,64996.421875
2024-08-27,64996.421875
2024-08-28,64996.421875
2024-08-29,64996.421875
2024-08-30,64996.421875
2024-08-31,64996.421875
2024-09-01,64996.421875
2024-09-02,64996.421875
2024-09-03,64996.421875
2024-09-04,64996.421875
2024-09-05,64996.421875
2024-09-06,64996.421875
2024-09-07,64996.421875
2024-09-08,64996.421875
2024-09-09,64996.421875
2024-09-10,64996.421875
2024-09-11,64996.421875
2024-09-12,64996.421875
2024-09-13,64996.421875
2024-09-14,64489.70703125
2024-09-15,63210.796875
2024-09-16,61184.08203125
2024-09-17,61316.08984375
2024-09-18,61664.06640625
2024-09-19,63872.44140625
2024-09-20,64119.53125
2024-09-21,64119.53125
2024-09-22,64119.53125
2024-09-23,64733.55859375
2024-09-24,64733.55859375
2024-09-25,64804.50390625
2024-09-26,65790.796875
2024-09-27,66480.6953125
2024-09-28,66480.6953125
2024-09-29,66480.6953125
2024-09-30,66480.6953125
2024-10-01,66480.6953125
2024-10-02,66480.6953125
2024-10-03,66480.6953125
2024-10-04,66480.6953125
2024-10-05,66480.6953125
2024-10-06,66480.6953125
2024-10-07,66480.6953125
2024-10-08,66480.6953125
2024-10-09,66480.6953125
2024-10-10,66480.6953125
2024-10-11,66480.6953125
2024-10-12,66480.6953125
2024-10-13,66480.6953125
2024-10-14,66482.4921875
2024-10-15,67881.6796875
2024-10-16,68375.2890625
2024-10-17,68375.2890625
2024-10-18,68969.75
2024-10-19,68969.75
2024-10-20,69359.0078125
2024-10-21,69462.734375
2024-10-22,69462.734375
2024-10-23,69462.734375
2024-10-24,69462.734375
2024-10-25,69462.734375
2024-10-26,69462.734375
2024-10-27,69462.734375
2024-10-28,70212.265625
2024-10-29,73577.2109375
2024-10-30,73577.2109375
2024-10-31,73577.2109375
2024-11-01,73577.2109375
2024-11-02,73577.2109375
2024-11-03,73577.2109375
2024-11-04,73577.2109375
2024-11-05,73577.2109375
2024-11-06,76460.15625
2024-11-07,76943.1171875
2024-11-08,77252.75
2024-11-09,77252.75
2024-11-10,81474.421875
2024-11-11,89604.5
2024-11-12,89956.8828125
2024-11-13,93434.3515625
2024-11-14,93434.3515625
2024-11-15,93434.3515625
2024-11-16,93434.3515625
2024-11-17,93434.3515625
2024-11-18,93434.3515625
2024-11-19,94002.8671875
2024-11-20,94902.0234375
2024-11-21,99014.21875
2024-11-22,99655.5
2024-11-23,99655.5
2024-11-24,99655.5
2024-11-25,99655.5
2024-11-26,99655.5
2024-11-27,99655.5
2024-11-28,99655.5
2024-11-29,99655.5
2024-11-30,99655.5
2024-12-01,99655.5
2024-12-02,99655.5
2024-12-03,99655.5
2024-12-04,99655.5
2024-12-05,103900.46875
2024-12-06,103900.46875
2024-12-07,103900.46875
2024-12-08,103900.46875
2024-12-09,103900.46875
2024-12-10,103900.46875
2024-12-11,103900.46875
2024-12-12,103900.46875
2024-12-13,103900.46875
2024-12-14,103900.46875
2024-12-15,105047.5390625
2024-12-16,107780.578125
2024-12-17,108268.4453125
2024-12-18,108268.4453125
2024-12-19,108268.4453125
2024-12-20,108268.4453125
2024-12-21,108268.4453125
2024-12-22,108268.4453125
2024-12-23,108268.4453125
2024-12-24,108268.4453125
2024-12-25,108268.4453125
2024-12-26,108268.4453125
2024-12-27,108268.4453125
2024-12-28,108268.4453125
2024-12-29,108268.4453125
2024-12-30,108268.4453125
2024-12-31,108268.4453125
